obsnme,obsval,weight,obgnme,cycle,org_obgnme
head_00_000_000,35.04411,0.0,obgnme,-1,
head_00_000_001,35.03569,0.0,obgnme,-1,
head_00_000_002,35.01919,0.0,obgnme,-1,
head_00_000_003,34.99519,0.0,obgnme,-1,
head_00_000_004,34.9645,0.0,obgnme,-1,
head_00_000_005,34.92811,0.0,obgnme,-1,
head_00_000_006,34.88711,0.0,obgnme,-1,
head_00_000_007,34.84265,0.0,obgnme,-1,
head_00_000_008,34.795790000000004,0.0,obgnme,-1,
head_00_000_009,34.74742,0.0,obgnme,-1,
head_00_000_010,34.69805,0.0,obgnme,-1,
head_00_000_011,34.64765,0.0,obgnme,-1,
head_00_000_012,34.59578,0.0,obgnme,-1,
head_00_000_013,34.54198,0.0,obgnme,-1,
head_00_000_014,34.485479999999995,0.0,obgnme,-1,
head_00_000_015,34.36397,0.0,obgnme,-1,
head_00_000_016,34.43492,0.0,obgnme,-1,
head_00_000_017,34.44142,0.0,obgnme,-1,
head_00_000_018,34.44549,0.0,obgnme,-1,
head_00_000_019,34.447520000000004,0.0,obgnme,-1,
head_00_001_000,35.04548,0.0,obgnme,-1,
head_00_001_001,35.03689,0.0,obgnme,-1,
head_00_001_002,35.02004,0.0,obgnme,-1,
head_00_001_003,34.9955,0.0,obgnme,-1,
head_00_001_004,34.96413,0.0,obgnme,-1,
head_00_001_005,34.92694,0.0,obgnme,-1,
head_00_001_006,34.885090000000005,0.0,obgnme,-1,
head_00_001_007,34.83981,0.0,obgnme,-1,
head_00_001_008,34.79222,0.0,obgnme,-1,
head_00_001_009,34.743320000000004,0.0,obgnme,-1,
head_00_001_010,34.69372,0.0,obgnme,-1,
head_00_001_011,34.64333,0.0,obgnme,-1,
head_00_001_012,34.5915,0.0,obgnme,-1,
head_00_001_013,34.53773,0.0,obgnme,-1,
head_00_001_014,34.48123,0.0,obgnme,-1,
head_00_001_015,34.35877,0.0,obgnme,-1,
head_00_001_016,34.43065,0.0,obgnme,-1,
head_00_001_017,34.43723,0.0,obgnme,-1,
head_00_001_018,34.44133,0.0,obgnme,-1,
head_00_001_019,34.44338,0.0,obgnme,-1,
head_00_002_000,35.048320000000004,0.0,obgnme,-1,
head_00_002_001,35.039390000000004,0.0,obgnme,-1,
head_00_002_002,35.02185,0.0,obgnme,-1,
head_00_002_003,34.99626,0.0,obgnme,-1,
head_00_002_004,34.96349,0.0,obgnme,-1,
head_00_002_005,34.92468,0.0,obgnme,-1,
head_00_002_006,34.88113,0.0,obgnme,-1,
head_00_002_007,34.83421,0.0,obgnme,-1,
head_00_002_008,34.78519,0.0,obgnme,-1,
head_00_002_009,34.73522,1.0,obgnme,-1,trgw_0_2_9
head_00_002_010,34.68512,0.0,obgnme,-1,
head_00_002_011,34.63469,0.0,obgnme,-1,
head_00_002_012,34.58285,0.0,obgnme,-1,
head_00_002_013,34.52912,0.0,obgnme,-1,
head_00_002_014,34.4727,0.0,obgnme,-1,
head_00_002_015,34.35006,1.0,obgnme,-1,trgw_0_2_15
head_00_002_016,34.42221,0.0,obgnme,-1,
head_00_002_017,34.42886,0.0,obgnme,-1,
head_00_002_018,34.43301,0.0,obgnme,-1,
head_00_002_019,34.435109999999995,0.0,obgnme,-1,
head_00_003_000,35.05285,0.0,obgnme,-1,
head_00_003_001,35.04347,0.0,obgnme,-1,
head_00_003_002,35.02494,0.0,obgnme,-1,
head_00_003_003,34.99775,0.0,obgnme,-1,
head_00_003_004,34.962790000000005,0.0,obgnme,-1,
head_00_003_005,34.92142,0.0,obgnme,-1,
head_00_003_006,34.8752,0.0,obgnme,-1,
head_00_003_007,34.82577,0.0,obgnme,-1,
head_00_003_008,34.77467,1.0,obgnme,-1,trgw_0_3_8
head_00_003_009,34.72308,0.0,obgnme,-1,
head_00_003_010,34.67224,0.0,obgnme,-1,
head_00_003_011,34.62158,0.0,obgnme,-1,
head_00_003_012,34.56955,0.0,obgnme,-1,
head_00_003_013,34.5159,0.0,obgnme,-1,
head_00_003_014,34.45977,0.0,obgnme,-1,
head_00_003_015,34.33795,0.0,obgnme,-1,
head_00_003_016,34.40957,0.0,obgnme,-1,
head_00_003_017,34.416270000000004,0.0,obgnme,-1,
head_00_003_018,34.420559999999995,0.0,obgnme,-1,
head_00_003_019,34.42277,0.0,obgnme,-1,
head_00_004_000,35.05944,0.0,obgnme,-1,
head_00_004_001,35.04955,0.0,obgnme,-1,
head_00_004_002,35.02984,0.0,obgnme,-1,
head_00_004_003,35.00052,0.0,obgnme,-1,
head_00_004_004,34.9624,0.0,obgnme,-1,
head_00_004_005,34.91728,0.0,obgnme,-1,
head_00_004_006,34.8671,0.0,obgnme,-1,
head_00_004_007,34.813990000000004,0.0,obgnme,-1,
head_00_004_008,34.76014,0.0,obgnme,-1,
head_00_004_009,34.70667,0.0,obgnme,-1,
head_00_004_010,34.65455,0.0,obgnme,-1,
head_00_004_011,34.60323,0.0,obgnme,-1,
head_00_004_012,34.55123,0.0,obgnme,-1,
head_00_004_013,34.497890000000005,0.0,obgnme,-1,
head_00_004_014,34.44236,0.0,obgnme,-1,
head_00_004_015,34.32249,0.0,obgnme,-1,
head_00_004_016,34.39275,0.0,obgnme,-1,
head_00_004_017,34.39952,0.0,obgnme,-1,
head_00_004_018,34.40411,0.0,obgnme,-1,
head_00_004_019,34.40657,0.0,obgnme,-1,
head_00_005_000,35.06847,0.0,obgnme,-1,
head_00_005_001,35.058240000000005,0.0,obgnme,-1,
head_00_005_002,35.03745,0.0,obgnme,-1,
head_00_005_003,35.00561,0.0,obgnme,-1,
head_00_005_004,34.96293,0.0,obgnme,-1,
head_00_005_005,34.91251,0.0,obgnme,-1,
head_00_005_006,34.85657,0.0,obgnme,-1,
head_00_005_007,34.79763,0.0,obgnme,-1,
head_00_005_008,34.73986,0.0,obgnme,-1,
head_00_005_009,34.6845,0.0,obgnme,-1,
head_00_005_010,34.63158,0.0,obgnme,-1,
head_00_005_011,34.57987,0.0,obgnme,-1,
head_00_005_012,34.52802,0.0,obgnme,-1,
head_00_005_013,34.47517,0.0,obgnme,-1,
head_00_005_014,34.42051,0.0,obgnme,-1,
head_00_005_015,34.30358,0.0,obgnme,-1,
head_00_005_016,34.3717,0.0,obgnme,-1,
head_00_005_017,34.3787,0.0,obgnme,-1,
head_00_005_018,34.38394,0.0,obgnme,-1,
head_00_005_019,34.38686,0.0,obgnme,-1,
head_00_006_000,35.08017,0.0,obgnme,-1,
head_00_006_001,35.07015,0.0,obgnme,-1,
head_00_006_002,35.04919,0.0,obgnme,-1,
head_00_006_003,35.01514,0.0,obgnme,-1,
head_00_006_004,34.96528,0.0,obgnme,-1,
head_00_006_005,34.90776,0.0,obgnme,-1,
head_00_006_006,34.84383,0.0,obgnme,-1,
head_00_006_007,34.775040000000004,0.0,obgnme,-1,
head_00_006_008,34.712270000000004,0.0,obgnme,-1,
head_00_006_009,34.65558,0.0,obgnme,-1,
head_00_006_010,34.602709999999995,0.0,obgnme,-1,
head_00_006_011,34.55142,0.0,obgnme,-1,
head_00_006_012,34.50011,0.0,obgnme,-1,
head_00_006_013,34.447959999999995,0.0,obgnme,-1,
head_00_006_014,34.39424,0.0,obgnme,-1,
head_00_006_015,34.28088,0.0,obgnme,-1,
head_00_006_016,34.34574,0.0,obgnme,-1,
head_00_006_017,34.35368,0.0,obgnme,-1,
head_00_006_018,34.360409999999995,0.0,obgnme,-1,
head_00_006_019,34.36428,0.0,obgnme,-1,
head_00_007_000,35.094190000000005,0.0,obgnme,-1,
head_00_007_001,35.085570000000004,0.0,obgnme,-1,
head_00_007_002,35.06714,0.0,obgnme,-1,
head_00_007_003,35.0344,0.0,obgnme,-1,
head_00_007_004,34.96968,0.0,obgnme,-1,
head_00_007_005,34.90436,0.0,obgnme,-1,
head_00_007_006,34.83126,0.0,obgnme,-1,
head_00_007_007,34.74191,0.0,obgnme,-1,
head_00_007_008,34.67412,0.0,obgnme,-1,
head_00_007_009,34.61849,0.0,obgnme,-1,
head_00_007_010,34.56771,0.0,obgnme,-1,
head_00_007_011,34.51805,0.0,obgnme,-1,
head_00_007_012,34.46783,0.0,obgnme,-1,
head_00_007_013,34.416509999999995,0.0,obgnme,-1,
head_00_007_014,34.36363,0.0,obgnme,-1,
head_00_007_015,34.25379,0.0,obgnme,-1,
head_00_007_016,34.31302,0.0,obgnme,-1,
head_00_007_017,34.32411,0.0,obgnme,-1,
head_00_007_018,34.33425,0.0,obgnme,-1,
head_00_007_019,34.33996,0.0,obgnme,-1,
head_00_008_000,35.10892,0.0,obgnme,-1,
head_00_008_001,35.10323,0.0,obgnme,-1,
head_00_008_002,35.09257,0.0,obgnme,-1,
head_00_008_003,35.08034,0.0,obgnme,-1,
head_00_008_007,34.68349,0.0,obgnme,-1,
head_00_008_008,34.61974,0.0,obgnme,-1,
head_00_008_009,34.572309999999995,0.0,obgnme,-1,
head_00_008_010,34.52715,0.0,obgnme,-1,
head_00_008_011,34.48058,0.0,obgnme,-1,
head_00_008_012,34.43179,0.0,obgnme,-1,
head_00_008_013,34.38126,0.0,obgnme,-1,
head_00_008_014,34.32932,0.0,obgnme,-1,
head_00_008_015,34.22181,0.0,obgnme,-1,
head_00_008_016,34.26793,0.0,obgnme,-1,
head_00_008_017,34.28988,0.0,obgnme,-1,
head_00_008_018,34.30709,0.0,obgnme,-1,
head_00_008_019,34.31577,0.0,obgnme,-1,
head_00_009_000,35.121109999999994,0.0,obgnme,-1,
head_00_009_001,35.11785,1.0,obgnme,-1,trgw_0_9_1
head_00_009_002,35.11226,0.0,obgnme,-1,
head_00_009_003,35.10714,0.0,obgnme,-1,
head_00_009_008,34.54517,0.0,obgnme,-1,
head_00_009_009,34.519690000000004,0.0,obgnme,-1,
head_00_009_010,34.483709999999995,0.0,obgnme,-1,
head_00_009_011,34.44095,0.0,obgnme,-1,
head_00_009_012,34.392959999999995,0.0,obgnme,-1,
head_00_009_013,34.34237,0.0,obgnme,-1,
head_00_009_014,34.29393,0.0,obgnme,-1,
head_00_009_015,34.18744,0.0,obgnme,-1,
head_00_009_016,34.19184,0.0,obgnme,-1,
head_00_009_017,34.25497,0.0,obgnme,-1,
head_00_009_018,34.28311,0.0,obgnme,-1,
head_00_009_019,34.29475,0.0,obgnme,-1,
head_00_010_000,35.12793,0.0,obgnme,-1,
head_00_010_001,35.12623,0.0,obgnme,-1,
head_00_010_002,35.12342,0.0,obgnme,-1,
head_00_010_003,35.12099,0.0,obgnme,-1,
head_00_010_008,34.49075,0.0,obgnme,-1,
head_00_010_009,34.47307,0.0,obgnme,-1,
head_00_010_010,34.442820000000005,0.0,obgnme,-1,
head_00_010_011,34.402359999999994,0.0,obgnme,-1,
head_00_010_012,34.35241,0.0,obgnme,-1,
head_00_010_013,34.29638,0.0,obgnme,-1,
head_00_010_014,34.26388,0.0,obgnme,-1,
head_00_010_015,34.17662,0.0,obgnme,-1,
head_00_010_016,34.22538,0.0,obgnme,-1,
head_00_010_017,34.25103,0.0,obgnme,-1,
head_00_010_018,34.27022,0.0,obgnme,-1,
head_00_010_019,34.27977,0.0,obgnme,-1,
head_00_011_000,35.12762,0.0,obgnme,-1,
head_00_011_001,35.1267,0.0,obgnme,-1,
head_00_011_002,35.12521,0.0,obgnme,-1,
head_00_011_003,35.12396,0.0,obgnme,-1,
head_00_011_008,34.44866,0.0,obgnme,-1,
head_00_011_009,34.434459999999994,0.0,obgnme,-1,
head_00_011_010,34.407920000000004,0.0,obgnme,-1,
head_00_011_011,34.369170000000004,0.0,obgnme,-1,
head_00_011_012,34.31366,0.0,obgnme,-1,
head_00_011_013,34.22331,0.0,obgnme,-1,
head_00_011_014,34.23568,0.0,obgnme,-1,
head_00_011_015,34.16682,0.0,obgnme,-1,
head_00_011_016,34.23032,0.0,obgnme,-1,
head_00_011_017,34.24783,0.0,obgnme,-1,
head_00_011_018,34.26147,0.0,obgnme,-1,
head_00_011_019,34.26874,0.0,obgnme,-1,
head_00_012_000,35.11965,0.0,obgnme,-1,
head_00_012_001,35.11906,0.0,obgnme,-1,
head_00_012_002,35.11816,0.0,obgnme,-1,
head_00_012_003,35.11745,0.0,obgnme,-1,
head_00_012_008,34.415440000000004,0.0,obgnme,-1,
head_00_012_009,34.40358,0.0,obgnme,-1,
head_00_012_010,34.38103,0.0,obgnme,-1,
head_00_012_011,34.34859,0.0,obgnme,-1,
head_00_012_012,34.30672,0.0,obgnme,-1,
head_00_012_013,34.25925,0.0,obgnme,-1,
head_00_012_014,34.23686,0.0,obgnme,-1,
head_00_012_015,34.16166,0.0,obgnme,-1,
head_00_012_016,34.2279,0.0,obgnme,-1,
head_00_012_017,34.24273,0.0,obgnme,-1,
head_00_012_018,34.25358,0.0,obgnme,-1,
head_00_012_019,34.25936,0.0,obgnme,-1,
head_00_013_000,35.1042,0.0,obgnme,-1,
head_00_013_001,35.10376,0.0,obgnme,-1,
head_00_013_002,35.10313,0.0,obgnme,-1,
head_00_013_003,35.10266,0.0,obgnme,-1,
head_00_013_008,34.38877,0.0,obgnme,-1,
head_00_013_009,34.37872,0.0,obgnme,-1,
head_00_013_010,34.3597,1.0,obgnme,-1,trgw_0_13_10
head_00_013_011,34.33303,0.0,obgnme,-1,
head_00_013_012,34.30048,0.0,obgnme,-1,
head_00_013_013,34.26575,0.0,obgnme,-1,
head_00_013_014,34.236290000000004,0.0,obgnme,-1,
head_00_013_015,34.1561,0.0,obgnme,-1,
head_00_013_016,34.22248,0.0,obgnme,-1,
head_00_013_017,34.235859999999995,0.0,obgnme,-1,
head_00_013_018,34.24525,0.0,obgnme,-1,
head_00_013_019,34.25019,0.0,obgnme,-1,
head_00_014_000,35.08166,0.0,obgnme,-1,
head_00_014_001,35.0813,0.0,obgnme,-1,
head_00_014_002,35.08078,0.0,obgnme,-1,
head_00_014_003,35.08041,0.0,obgnme,-1,
head_00_014_008,34.36675,0.0,obgnme,-1,
head_00_014_009,34.35803,0.0,obgnme,-1,
head_00_014_010,34.341570000000004,0.0,obgnme,-1,
head_00_014_011,34.31882,0.0,obgnme,-1,
head_00_014_012,34.29131,0.0,obgnme,-1,
head_00_014_013,34.26122,0.0,obgnme,-1,
head_00_014_014,34.23079,0.0,obgnme,-1,
head_00_014_015,34.148309999999995,0.0,obgnme,-1,
head_00_014_016,34.21458,0.0,obgnme,-1,
head_00_014_017,34.22719,0.0,obgnme,-1,
head_00_014_018,34.23587,0.0,obgnme,-1,
head_00_014_019,34.24037,0.0,obgnme,-1,
head_00_015_000,35.0524,0.0,obgnme,-1,
head_00_015_001,35.052040000000005,0.0,obgnme,-1,
head_00_015_002,35.051559999999995,0.0,obgnme,-1,
head_00_015_003,35.05121,0.0,obgnme,-1,
head_00_015_008,34.34795,0.0,obgnme,-1,
head_00_015_009,34.34005,0.0,obgnme,-1,
head_00_015_010,34.32518,0.0,obgnme,-1,
head_00_015_011,34.304520000000004,0.0,obgnme,-1,
head_00_015_012,34.27936,0.0,obgnme,-1,
head_00_015_013,34.25119,0.0,obgnme,-1,
head_00_015_014,34.22098,0.0,obgnme,-1,
head_00_015_015,34.13799,0.0,obgnme,-1,
head_00_015_016,34.20425,1.0,obgnme,-1,trgw_0_15_16
head_00_015_017,34.21668,0.0,obgnme,-1,
head_00_015_018,34.22515,0.0,obgnme,-1,
head_00_015_019,34.22952,0.0,obgnme,-1,
head_00_016_000,35.01676,0.0,obgnme,-1,
head_00_016_001,35.01635,0.0,obgnme,-1,
head_00_016_002,35.01579,0.0,obgnme,-1,
head_00_016_003,35.01538,0.0,obgnme,-1,
head_00_016_008,34.33147,0.0,obgnme,-1,
head_00_016_009,34.32391,0.0,obgnme,-1,
head_00_016_010,34.3096,0.0,obgnme,-1,
head_00_016_011,34.28961,0.0,obgnme,-1,
head_00_016_012,34.2651,0.0,obgnme,-1,
head_00_016_013,34.23737,0.0,obgnme,-1,
head_00_016_014,34.207359999999994,0.0,obgnme,-1,
head_00_016_015,34.12515,0.0,obgnme,-1,
head_00_016_016,34.19151,0.0,obgnme,-1,
head_00_016_017,34.20431,0.0,obgnme,-1,
head_00_016_018,34.21306,0.0,obgnme,-1,
head_00_016_019,34.21754,0.0,obgnme,-1,
head_00_017_000,34.97505,0.0,obgnme,-1,
head_00_017_001,34.97448,0.0,obgnme,-1,
head_00_017_002,34.97367,0.0,obgnme,-1,
head_00_017_003,34.97309,0.0,obgnme,-1,
head_00_017_008,34.31692,0.0,obgnme,-1,
head_00_017_009,34.30919,0.0,obgnme,-1,
head_00_017_010,34.29456,0.0,obgnme,-1,
head_00_017_011,34.27404,0.0,obgnme,-1,
head_00_017_012,34.24875,0.0,obgnme,-1,
head_00_017_013,34.2201,0.0,obgnme,-1,
head_00_017_014,34.18969,0.0,obgnme,-1,
head_00_017_015,34.10966,0.0,obgnme,-1,
head_00_017_016,34.17645,0.0,obgnme,-1,
head_00_017_017,34.19028,0.0,obgnme,-1,
head_00_017_018,34.19974000000001,0.0,obgnme,-1,
head_00_017_019,34.204570000000004,0.0,obgnme,-1,
head_00_018_000,34.927609999999994,0.0,obgnme,-1,
head_00_018_001,34.92667,0.0,obgnme,-1,
head_00_018_002,34.92528,0.0,obgnme,-1,
head_00_018_003,34.924240000000005,0.0,obgnme,-1,
head_00_018_008,34.30438,0.0,obgnme,-1,
head_00_018_009,34.29595,0.0,obgnme,-1,
head_00_018_010,34.28018,0.0,obgnme,-1,
head_00_018_011,34.25808,0.0,obgnme,-1,
head_00_018_012,34.23055,0.0,obgnme,-1,
head_00_018_013,34.19893,0.0,obgnme,-1,
head_00_018_014,34.16625,0.0,obgnme,-1,
head_00_018_015,34.09103,0.0,obgnme,-1,
head_00_018_016,34.15925,0.0,obgnme,-1,
head_00_018_017,34.17505,0.0,obgnme,-1,
head_00_018_018,34.18564,0.0,obgnme,-1,
head_00_018_019,34.19098,0.0,obgnme,-1,
head_00_019_000,34.87491,0.0,obgnme,-1,
head_00_019_001,34.87321,0.0,obgnme,-1,
head_00_019_002,34.87059,0.0,obgnme,-1,
head_00_019_003,34.86847,0.0,obgnme,-1,
head_00_019_008,34.29462,0.0,obgnme,-1,
head_00_019_009,34.28471,0.0,obgnme,-1,
head_00_019_010,34.26695,0.0,obgnme,-1,
head_00_019_011,34.24245,0.0,obgnme,-1,
head_00_019_012,34.21131,0.0,obgnme,-1,
head_00_019_013,34.173320000000004,0.0,obgnme,-1,
head_00_019_014,34.1314,0.0,obgnme,-1,
head_00_019_015,34.06868,0.0,obgnme,-1,
head_00_019_016,34.14077,0.0,obgnme,-1,
head_00_019_017,34.1595,0.0,obgnme,-1,
head_00_019_018,34.17145,0.0,obgnme,-1,
head_00_019_019,34.17733,0.0,obgnme,-1,
head_00_020_000,34.817840000000004,0.0,obgnme,-1,
head_00_020_001,34.81471,0.0,obgnme,-1,
head_00_020_002,34.80951,0.0,obgnme,-1,
head_00_020_003,34.80475,0.0,obgnme,-1,
head_00_020_008,34.289159999999995,0.0,obgnme,-1,
head_00_020_009,34.27602,0.0,obgnme,-1,
head_00_020_010,34.25541,0.0,obgnme,-1,
head_00_020_011,34.22849,0.0,obgnme,-1,
head_00_020_012,34.193940000000005,0.0,obgnme,-1,
head_00_020_013,34.14622,0.0,obgnme,-1,
head_00_020_014,34.06677,0.0,obgnme,-1,
head_00_020_015,34.04484,0.0,obgnme,-1,
head_00_020_016,34.12393,0.0,obgnme,-1,
head_00_020_017,34.14524,0.0,obgnme,-1,
head_00_020_018,34.15804,0.0,obgnme,-1,
head_00_020_019,34.1642,0.0,obgnme,-1,
head_00_021_000,34.75788,0.0,obgnme,-1,
head_00_021_001,34.75237,0.0,obgnme,-1,
head_00_021_002,34.74216,0.0,obgnme,-1,
head_00_021_003,34.730470000000004,0.0,obgnme,-1,
head_00_021_006,34.32731,0.0,obgnme,-1,
head_00_021_007,34.312909999999995,0.0,obgnme,-1,
head_00_021_008,34.291270000000004,0.0,obgnme,-1,
head_00_021_009,34.26965,0.0,obgnme,-1,
head_00_021_010,34.24521,1.0,obgnme,-1,trgw_0_21_10
head_00_021_011,34.21727,0.0,obgnme,-1,
head_00_021_012,34.18479,0.0,obgnme,-1,
head_00_021_013,34.146609999999995,0.0,obgnme,-1,
head_00_021_014,34.10514000000001,0.0,obgnme,-1,
head_00_021_015,34.0435,0.0,obgnme,-1,
head_00_021_016,34.1153,0.0,obgnme,-1,
head_00_021_017,34.13404,0.0,obgnme,-1,
head_00_021_018,34.145990000000005,0.0,obgnme,-1,
head_00_021_019,34.15185,0.0,obgnme,-1,
head_00_022_000,34.69728,0.0,obgnme,-1,
head_00_022_001,34.6887,0.0,obgnme,-1,
head_00_022_002,34.67049,0.0,obgnme,-1,
head_00_022_003,34.638690000000004,0.0,obgnme,-1,
head_00_022_004,34.57847,0.0,obgnme,-1,
head_00_022_006,34.33582,0.0,obgnme,-1,
head_00_022_007,34.31471,0.0,obgnme,-1,
head_00_022_008,34.28822,0.0,obgnme,-1,
head_00_022_009,34.2611,0.0,obgnme,-1,
head_00_022_010,34.23366,0.0,obgnme,-1,
head_00_022_011,34.20575,0.0,obgnme,-1,
head_00_022_012,34.17629,0.0,obgnme,-1,
head_00_022_013,34.144859999999994,0.0,obgnme,-1,
head_00_022_014,34.1134,0.0,obgnme,-1,
head_00_022_015,34.04056,1.0,obgnme,-1,trgw_0_22_15
head_00_022_016,34.108270000000005,0.0,obgnme,-1,
head_00_022_017,34.12415,0.0,obgnme,-1,
head_00_022_018,34.13473,0.0,obgnme,-1,
head_00_022_019,34.14005,0.0,obgnme,-1,
head_00_023_000,34.639109999999995,0.0,obgnme,-1,
head_00_023_001,34.6287,0.0,obgnme,-1,
head_00_023_002,34.60673,0.0,obgnme,-1,
head_00_023_003,34.57011,0.0,obgnme,-1,
head_00_023_004,34.51266,0.0,obgnme,-1,
head_00_023_005,34.42866,0.0,obgnme,-1,
head_00_023_006,34.35972,0.0,obgnme,-1,
head_00_023_007,34.31665,0.0,obgnme,-1,
head_00_023_008,34.28079,0.0,obgnme,-1,
head_00_023_009,34.24801,0.0,obgnme,-1,
head_00_023_010,34.21784,0.0,obgnme,-1,
head_00_023_011,34.19088,0.0,obgnme,-1,
head_00_023_012,34.16462,0.0,obgnme,-1,
head_00_023_013,34.1376,0.0,obgnme,-1,
head_00_023_014,34.10981,0.0,obgnme,-1,
head_00_023_015,34.033809999999995,0.0,obgnme,-1,
head_00_023_016,34.09997,0.0,obgnme,-1,
head_00_023_017,34.114000000000004,0.0,obgnme,-1,
head_00_023_018,34.123470000000005,0.0,obgnme,-1,
head_00_023_019,34.12829,0.0,obgnme,-1,
head_00_024_000,34.58528,0.0,obgnme,-1,
head_00_024_001,34.57434,0.0,obgnme,-1,
head_00_024_002,34.55192,0.0,obgnme,-1,
head_00_024_003,34.51692,0.0,obgnme,-1,
head_00_024_004,34.46836,1.0,obgnme,-1,trgw_0_24_4
head_00_024_005,34.409009999999995,0.0,obgnme,-1,
head_00_024_006,34.35303,0.0,obgnme,-1,
head_00_024_007,34.30656,0.0,obgnme,-1,
head_00_024_008,34.2655,0.0,obgnme,-1,
head_00_024_009,34.22757,0.0,obgnme,-1,
head_00_024_010,34.19395,0.0,obgnme,-1,
head_00_024_011,34.17024,0.0,obgnme,-1,
head_00_024_012,34.148540000000004,0.0,obgnme,-1,
head_00_024_013,34.12554,0.0,obgnme,-1,
head_00_024_014,34.10029,0.0,obgnme,-1,
head_00_024_015,34.02403,0.0,obgnme,-1,
head_00_024_016,34.08974,0.0,obgnme,-1,
head_00_024_017,34.10286,0.0,obgnme,-1,
head_00_024_018,34.11164,0.0,obgnme,-1,
head_00_024_019,34.11609,0.0,obgnme,-1,
head_00_025_000,34.53626,0.0,obgnme,-1,
head_00_025_001,34.52544,0.0,obgnme,-1,
head_00_025_002,34.503809999999994,0.0,obgnme,-1,
head_00_025_003,34.47146,0.0,obgnme,-1,
head_00_025_004,34.42935,0.0,obgnme,-1,
head_00_025_005,34.3807,0.0,obgnme,-1,
head_00_025_006,34.33183,0.0,obgnme,-1,
head_00_025_007,34.28623,0.0,obgnme,-1,
head_00_025_008,34.24241,0.0,obgnme,-1,
head_00_025_009,34.198190000000004,0.0,obgnme,-1,
head_00_025_010,34.1552,0.0,obgnme,-1,
head_00_025_011,34.14244,0.0,obgnme,-1,
head_00_025_012,34.12857,0.0,obgnme,-1,
head_00_025_013,34.11015,0.0,obgnme,-1,
head_00_025_014,34.08738,0.0,obgnme,-1,
head_00_025_015,34.01211,0.0,obgnme,-1,
head_00_025_016,34.077690000000004,0.0,obgnme,-1,
head_00_025_017,34.09045,0.0,obgnme,-1,
head_00_025_018,34.09887,0.0,obgnme,-1,
head_00_025_019,34.10313,0.0,obgnme,-1,
head_00_026_000,34.4919,0.0,obgnme,-1,
head_00_026_001,34.48128,0.0,obgnme,-1,
head_00_026_002,34.460359999999994,0.0,obgnme,-1,
head_00_026_003,34.42978,0.0,obgnme,-1,
head_00_026_004,34.39098,0.0,obgnme,-1,
head_00_026_005,34.34687,0.0,obgnme,-1,
head_00_026_006,34.3018,1.0,obgnme,-1,trgw_0_26_6
head_00_026_007,34.25904,0.0,obgnme,-1,
head_00_026_008,34.21516,0.0,obgnme,-1,
head_00_026_009,34.162859999999995,0.0,obgnme,-1,
head_00_026_010,34.08208,0.0,obgnme,-1,
head_00_026_011,34.11042,0.0,obgnme,-1,
head_00_026_012,34.10788,0.0,obgnme,-1,
head_00_026_013,34.09349,0.0,obgnme,-1,
head_00_026_014,34.07267,0.0,obgnme,-1,
head_00_026_015,33.99872,0.0,obgnme,-1,
head_00_026_016,34.06409,0.0,obgnme,-1,
head_00_026_017,34.07675,0.0,obgnme,-1,
head_00_026_018,34.08507,0.0,obgnme,-1,
head_00_026_019,34.08926,0.0,obgnme,-1,
head_00_027_000,34.4519,0.0,obgnme,-1,
head_00_027_001,34.44127,0.0,obgnme,-1,
head_00_027_002,34.42045,0.0,obgnme,-1,
head_00_027_003,34.39024000000001,0.0,obgnme,-1,
head_00_027_004,34.35191,0.0,obgnme,-1,
head_00_027_005,34.307970000000005,0.0,obgnme,-1,
head_00_027_006,34.26353,0.0,obgnme,-1,
head_00_027_007,34.22737,0.0,obgnme,-1,
head_00_027_008,34.19181,0.0,obgnme,-1,
head_00_027_009,34.15337,0.0,obgnme,-1,
head_00_027_010,34.11436,0.0,obgnme,-1,
head_00_027_011,34.104890000000005,0.0,obgnme,-1,
head_00_027_012,34.093779999999995,0.0,obgnme,-1,
head_00_027_013,34.0778,0.0,obgnme,-1,
head_00_027_014,34.05715,0.0,obgnme,-1,
head_00_027_015,33.984320000000004,0.0,obgnme,-1,
head_00_027_016,34.04922,0.0,obgnme,-1,
head_00_027_017,34.061890000000005,0.0,obgnme,-1,
head_00_027_018,34.07023,0.0,obgnme,-1,
head_00_027_019,34.07445,0.0,obgnme,-1,
head_00_028_000,34.416290000000004,0.0,obgnme,-1,
head_00_028_001,34.40521,0.0,obgnme,-1,
head_00_028_002,34.3838,0.0,obgnme,-1,
head_00_028_003,34.35273,0.0,obgnme,-1,
head_00_028_004,34.31243,0.0,obgnme,-1,
head_00_028_005,34.26353,0.0,obgnme,-1,
head_00_028_006,34.21092,0.0,obgnme,-1,
head_00_028_007,34.18973,0.0,obgnme,-1,
head_00_028_008,34.16687,0.0,obgnme,-1,
head_00_028_009,34.14012,0.0,obgnme,-1,
head_00_028_010,34.11378,0.0,obgnme,-1,
head_00_028_011,34.0958,0.0,obgnme,-1,
head_00_028_012,34.07934,0.0,obgnme,-1,
head_00_028_013,34.06135,0.0,obgnme,-1,
head_00_028_014,34.04045,0.0,obgnme,-1,
head_00_028_015,33.96888,0.0,obgnme,-1,
head_00_028_016,34.03311,0.0,obgnme,-1,
head_00_028_017,34.04593,0.0,obgnme,-1,
head_00_028_018,34.05444,0.0,obgnme,-1,
head_00_028_019,34.05876,0.0,obgnme,-1,
head_00_029_000,34.38543,0.0,obgnme,-1,
head_00_029_001,34.37328,0.0,obgnme,-1,
head_00_029_002,34.3507,0.0,obgnme,-1,
head_00_029_003,34.31847,0.0,obgnme,-1,
head_00_029_004,34.27574,0.0,obgnme,-1,
head_00_029_005,34.21725,0.0,obgnme,-1,
head_00_029_006,34.12338,0.0,obgnme,-1,
head_00_029_007,34.148990000000005,0.0,obgnme,-1,
head_00_029_008,34.14089,0.0,obgnme,-1,
head_00_029_009,34.12164,0.0,obgnme,-1,
head_00_029_010,34.099920000000004,0.0,obgnme,-1,
head_00_029_011,34.08013,0.0,obgnme,-1,
head_00_029_012,34.061440000000005,0.0,obgnme,-1,
head_00_029_013,34.04252,0.0,obgnme,-1,
head_00_029_014,34.02191,0.0,obgnme,-1,
head_00_029_015,33.952220000000004,1.0,obgnme,-1,trgw_0_29_15
head_00_029_016,34.01577,0.0,obgnme,-1,
head_00_029_017,34.02894000000001,0.0,obgnme,-1,
head_00_029_018,34.03778,0.0,obgnme,-1,
head_00_029_019,34.04229,0.0,obgnme,-1,
head_00_030_000,34.360479999999995,0.0,obgnme,-1,
head_00_030_001,34.34567,0.0,obgnme,-1,
head_00_030_002,34.32127,0.0,obgnme,-1,
head_00_030_003,34.288940000000004,0.0,obgnme,-1,
head_00_030_004,34.24926,0.0,obgnme,-1,
head_00_030_005,34.20276,0.0,obgnme,-1,
head_00_030_006,34.154140000000005,0.0,obgnme,-1,
head_00_030_007,34.13788,0.0,obgnme,-1,
head_00_030_008,34.12092,0.0,obgnme,-1,
head_00_030_009,34.10071,0.0,obgnme,-1,
head_00_030_010,34.07925,0.0,obgnme,-1,
head_00_030_011,34.05848,0.0,obgnme,-1,
head_00_030_012,34.038920000000005,0.0,obgnme,-1,
head_00_030_013,34.02026,0.0,obgnme,-1,
head_00_030_014,34.00088,0.0,obgnme,-1,
head_00_030_015,33.93411,0.0,obgnme,-1,
head_00_030_016,33.99714,0.0,obgnme,-1,
head_00_030_017,34.01097,0.0,obgnme,-1,
head_00_030_018,34.02039,0.0,obgnme,-1,
head_00_030_019,34.02525,0.0,obgnme,-1,
head_00_031_000,34.344120000000004,0.0,obgnme,-1,
head_00_031_001,34.32157,0.0,obgnme,-1,
head_00_031_002,34.293859999999995,0.0,obgnme,-1,
head_00_031_003,34.26105,0.0,obgnme,-1,
head_00_031_004,34.22412,0.0,obgnme,-1,
head_00_031_005,34.185109999999995,0.0,obgnme,-1,
head_00_031_006,34.14838,0.0,obgnme,-1,
head_00_031_007,34.12222,0.0,obgnme,-1,
head_00_031_008,34.09916,0.0,obgnme,-1,
head_00_031_009,34.07621,0.0,obgnme,-1,
head_00_031_010,34.05319,0.0,obgnme,-1,
head_00_031_011,34.03097,0.0,obgnme,-1,
head_00_031_012,34.01079,0.0,obgnme,-1,
head_00_031_013,33.99368,0.0,obgnme,-1,
head_00_031_014,33.976890000000004,0.0,obgnme,-1,
head_00_031_015,33.9144,0.0,obgnme,-1,
head_00_031_016,33.97721,0.0,obgnme,-1,
head_00_031_017,33.99215,0.0,obgnme,-1,
head_00_031_018,34.0025,0.0,obgnme,-1,
head_00_031_019,34.00797,0.0,obgnme,-1,
head_00_032_001,34.29668,0.0,obgnme,-1,
head_00_032_002,34.26579,0.0,obgnme,-1,
head_00_032_003,34.23169,0.0,obgnme,-1,
head_00_032_004,34.195609999999995,0.0,obgnme,-1,
head_00_032_005,34.15993,0.0,obgnme,-1,
head_00_032_006,34.12684,0.0,obgnme,-1,
head_00_032_007,34.0984,0.0,obgnme,-1,
head_00_032_008,34.07246,0.0,obgnme,-1,
head_00_032_009,34.04719,0.0,obgnme,-1,
head_00_032_010,34.02188,0.0,obgnme,-1,
head_00_032_011,33.996970000000005,0.0,obgnme,-1,
head_00_032_012,33.97501,0.0,obgnme,-1,
head_00_032_013,33.96177,0.0,obgnme,-1,
head_00_032_014,33.949690000000004,0.0,obgnme,-1,
head_00_032_015,33.89311,0.0,obgnme,-1,
head_00_032_016,33.95609,0.0,obgnme,-1,
head_00_032_017,33.97264000000001,0.0,obgnme,-1,
head_00_032_018,33.98444,0.0,obgnme,-1,
head_00_032_019,33.99108,0.0,obgnme,-1,
head_00_033_002,34.23522,0.0,obgnme,-1,
head_00_033_003,34.19883,0.0,obgnme,-1,
head_00_033_004,34.16135,0.0,obgnme,-1,
head_00_033_005,34.12692,0.0,obgnme,-1,
head_00_033_006,34.09554,0.0,obgnme,-1,
head_00_033_007,34.06711,1.0,obgnme,-1,trgw_0_33_7
head_00_033_008,34.04035,0.0,obgnme,-1,
head_00_033_009,34.01374000000001,0.0,obgnme,-1,
head_00_033_010,33.98592,0.0,obgnme,-1,
head_00_033_011,33.95588,0.0,obgnme,-1,
head_00_033_012,33.92602,0.0,obgnme,-1,
head_00_033_013,33.92369,0.0,obgnme,-1,
head_00_033_014,33.91981,0.0,obgnme,-1,
head_00_033_015,33.87068,0.0,obgnme,-1,
head_00_033_016,33.93411,0.0,obgnme,-1,
head_00_033_017,33.95261,0.0,obgnme,-1,
head_00_033_018,33.96648,0.0,obgnme,-1,
head_00_033_019,33.97571,0.0,obgnme,-1,
head_00_034_003,34.16161,0.0,obgnme,-1,
head_00_034_004,34.118759999999995,0.0,obgnme,-1,
head_00_034_005,34.08568,0.0,obgnme,-1,
head_00_034_006,34.05625,0.0,obgnme,-1,
head_00_034_007,34.02923,0.0,obgnme,-1,
head_00_034_008,34.00336,0.0,obgnme,-1,
head_00_034_009,33.97712,0.0,obgnme,-1,
head_00_034_010,33.94808,1.0,obgnme,-1,trgw_0_34_10
head_00_034_011,33.91037,0.0,obgnme,-1,
head_00_034_012,33.845859999999995,0.0,obgnme,-1,
head_00_034_013,33.882090000000005,0.0,obgnme,-1,
head_00_034_014,33.8899,0.0,obgnme,-1,
head_00_034_015,33.84813,0.0,obgnme,-1,
head_00_034_016,33.91171,0.0,obgnme,-1,
head_00_034_017,33.93199,0.0,obgnme,-1,
head_00_034_018,33.94811,0.0,obgnme,-1,
head_00_034_019,33.964459999999995,0.0,obgnme,-1,
head_00_035_004,34.06123,0.0,obgnme,-1,
head_00_035_005,34.03565,0.0,obgnme,-1,
head_00_035_006,34.0095,0.0,obgnme,-1,
head_00_035_007,33.98523,0.0,obgnme,-1,
head_00_035_008,33.96205,0.0,obgnme,-1,
head_00_035_009,33.93892,0.0,obgnme,-1,
head_00_035_010,33.91466,0.0,obgnme,-1,
head_00_035_011,33.88834,0.0,obgnme,-1,
head_00_035_012,33.86248,0.0,obgnme,-1,
head_00_035_013,33.86475,0.0,obgnme,-1,
head_00_035_014,33.86616,0.0,obgnme,-1,
head_00_035_015,33.82669,0.0,obgnme,-1,
head_00_035_016,33.88925,0.0,obgnme,-1,
head_00_035_017,33.9103,0.0,obgnme,-1,
head_00_035_018,33.92447,0.0,obgnme,-1,
head_00_036_004,34.02385,0.0,obgnme,-1,
head_00_036_005,33.980979999999995,0.0,obgnme,-1,
head_00_036_006,33.9558,0.0,obgnme,-1,
head_00_036_007,33.93521,0.0,obgnme,-1,
head_00_036_008,33.91601,0.0,obgnme,-1,
head_00_036_009,33.89726,0.0,obgnme,-1,
head_00_036_010,33.87875,0.0,obgnme,-1,
head_00_036_011,33.86111,0.0,obgnme,-1,
head_00_036_012,33.8471,0.0,obgnme,-1,
head_00_036_013,33.84301,0.0,obgnme,-1,
head_00_036_014,33.84165,0.0,obgnme,-1,
head_00_036_015,33.80481,0.0,obgnme,-1,
head_00_036_016,33.86665,0.0,obgnme,-1,
head_00_036_017,33.89027,0.0,obgnme,-1,
head_00_036_018,33.90991,0.0,obgnme,-1,
head_00_037_005,33.903420000000004,0.0,obgnme,-1,
head_00_037_006,33.89229,0.0,obgnme,-1,
head_00_037_007,33.8787,0.0,obgnme,-1,
head_00_037_008,33.86456,0.0,obgnme,-1,
head_00_037_009,33.85049,0.0,obgnme,-1,
head_00_037_010,33.83709,0.0,obgnme,-1,
head_00_037_011,33.8253,0.0,obgnme,-1,
head_00_037_012,33.816759999999995,0.0,obgnme,-1,
head_00_037_013,33.81323,0.0,obgnme,-1,
head_00_037_014,33.812740000000005,0.0,obgnme,-1,
head_00_037_015,33.780840000000005,0.0,obgnme,-1,
head_00_037_016,33.84243,0.0,obgnme,-1,
head_00_037_017,33.86898,0.0,obgnme,-1,
head_00_038_005,33.8313,0.0,obgnme,-1,
head_00_038_006,33.82564,0.0,obgnme,-1,
head_00_038_007,33.81716,0.0,obgnme,-1,
head_00_038_008,33.80758,0.0,obgnme,-1,
head_00_038_009,33.79781,0.0,obgnme,-1,
head_00_038_010,33.7887,0.0,obgnme,-1,
head_00_038_011,33.78111,0.0,obgnme,-1,
head_00_038_012,33.7762,0.0,obgnme,-1,
head_00_038_013,33.77494,0.0,obgnme,-1,
head_00_038_014,33.777429999999995,0.0,obgnme,-1,
head_00_038_015,33.75376,0.0,obgnme,-1,
head_00_038_016,33.81561,0.0,obgnme,-1,
head_00_039_005,33.72528,0.0,obgnme,-1,
head_00_039_006,33.72261,0.0,obgnme,-1,
head_00_039_007,33.71817,0.0,obgnme,-1,
head_00_039_008,33.712920000000004,0.0,obgnme,-1,
head_00_039_009,33.70768,0.0,obgnme,-1,
head_00_039_010,33.70291,0.0,obgnme,-1,
head_00_039_011,33.699090000000005,0.0,obgnme,-1,
head_00_039_012,33.696870000000004,0.0,obgnme,-1,
head_00_039_013,33.69744,0.0,obgnme,-1,
head_00_039_014,33.70261,0.0,obgnme,-1,
head_01_000_000,35.04067,0.0,obgnme,-1,
head_01_000_001,35.03225,0.0,obgnme,-1,
head_01_000_002,35.01576,0.0,obgnme,-1,
head_01_000_003,34.99178,0.0,obgnme,-1,
head_01_000_004,34.96111,0.0,obgnme,-1,
head_01_000_005,34.92475,0.0,obgnme,-1,
head_01_000_006,34.88378,0.0,obgnme,-1,
head_01_000_007,34.83935,0.0,obgnme,-1,
head_01_000_008,34.79253,0.0,obgnme,-1,
head_01_000_009,34.74419,0.0,obgnme,-1,
head_01_000_010,34.69485,0.0,obgnme,-1,
head_01_000_011,34.644490000000005,0.0,obgnme,-1,
head_01_000_012,34.592659999999995,0.0,obgnme,-1,
head_01_000_013,34.5389,0.0,obgnme,-1,
head_01_000_014,34.48268,0.0,obgnme,-1,
head_01_000_015,34.39409000000001,0.0,obgnme,-1,
head_01_000_016,34.43215,0.0,obgnme,-1,
head_01_000_017,34.43841,0.0,obgnme,-1,
head_01_000_018,34.44247,0.0,obgnme,-1,
head_01_000_019,34.4445,0.0,obgnme,-1,
head_01_001_000,35.04204,0.0,obgnme,-1,
head_01_001_001,35.03345,0.0,obgnme,-1,
head_01_001_002,35.01661,0.0,obgnme,-1,
head_01_001_003,34.992090000000005,0.0,obgnme,-1,
head_01_001_004,34.96074,0.0,obgnme,-1,
head_01_001_005,34.92358,0.0,obgnme,-1,
head_01_001_006,34.88176,0.0,obgnme,-1,
head_01_001_007,34.8365,0.0,obgnme,-1,
head_01_001_008,34.78895,0.0,obgnme,-1,
head_01_001_009,34.74009,0.0,obgnme,-1,
head_01_001_010,34.690529999999995,0.0,obgnme,-1,
head_01_001_011,34.64017,0.0,obgnme,-1,
head_01_001_012,34.58838,0.0,obgnme,-1,
head_01_001_013,34.534659999999995,0.0,obgnme,-1,
head_01_001_014,34.47842,0.0,obgnme,-1,
head_01_001_015,34.38927,0.0,obgnme,-1,
head_01_001_016,34.427890000000005,0.0,obgnme,-1,
head_01_001_017,34.43422,0.0,obgnme,-1,
head_01_001_018,34.438309999999994,0.0,obgnme,-1,
head_01_001_019,34.44036,0.0,obgnme,-1,
head_01_002_000,35.04487,0.0,obgnme,-1,
head_01_002_001,35.03595,0.0,obgnme,-1,
head_01_002_002,35.01842,0.0,obgnme,-1,
head_01_002_003,34.99285,0.0,obgnme,-1,
head_01_002_004,34.9601,0.0,obgnme,-1,
head_01_002_005,34.92132,0.0,obgnme,-1,
head_01_002_006,34.8778,0.0,obgnme,-1,
head_01_002_007,34.83091,0.0,obgnme,-1,
head_01_002_008,34.78193,0.0,obgnme,-1,
head_01_002_009,34.73199,0.0,obgnme,-1,
head_01_002_010,34.68192,0.0,obgnme,-1,
head_01_002_011,34.63154,0.0,obgnme,-1,
head_01_002_012,34.57973,0.0,obgnme,-1,
head_01_002_013,34.52604,0.0,obgnme,-1,
head_01_002_014,34.4699,0.0,obgnme,-1,
head_01_002_015,34.38064,0.0,obgnme,-1,
head_01_002_016,34.41945,0.0,obgnme,-1,
head_01_002_017,34.42585,0.0,obgnme,-1,
head_01_002_018,34.429990000000004,0.0,obgnme,-1,
head_01_002_019,34.43208,0.0,obgnme,-1,
head_01_003_000,35.0494,0.0,obgnme,-1,
head_01_003_001,35.04002,0.0,obgnme,-1,
head_01_003_002,35.0215,0.0,obgnme,-1,
head_01_003_003,34.99433,0.0,obgnme,-1,
head_01_003_004,34.9594,0.0,obgnme,-1,
head_01_003_005,34.91806,0.0,obgnme,-1,
head_01_003_006,34.87187,0.0,obgnme,-1,
head_01_003_007,34.82248,0.0,obgnme,-1,
head_01_003_008,34.77141,0.0,obgnme,-1,
head_01_003_009,34.71986,0.0,obgnme,-1,
head_01_003_010,34.66905,0.0,obgnme,-1,
head_01_003_011,34.61843,0.0,obgnme,-1,
head_01_003_012,34.56644,0.0,obgnme,-1,
head_01_003_013,34.51282,0.0,obgnme,-1,
head_01_003_014,34.45697,0.0,obgnme,-1,
head_01_003_015,34.3683,0.0,obgnme,-1,
head_01_003_016,34.4068,0.0,obgnme,-1,
head_01_003_017,34.41326,0.0,obgnme,-1,
head_01_003_018,34.41754,0.0,obgnme,-1,
head_01_003_019,34.419740000000004,0.0,obgnme,-1,
head_01_004_000,35.05598,0.0,obgnme,-1,
head_01_004_001,35.0461,0.0,obgnme,-1,
head_01_004_002,35.0264,0.0,obgnme,-1,
head_01_004_003,34.9971,0.0,obgnme,-1,
head_01_004_004,34.959,0.0,obgnme,-1,
head_01_004_005,34.913920000000005,0.0,obgnme,-1,
head_01_004_006,34.86378,0.0,obgnme,-1,
head_01_004_007,34.8107,0.0,obgnme,-1,
head_01_004_008,34.75689000000001,0.0,obgnme,-1,
head_01_004_009,34.70346,0.0,obgnme,-1,
head_01_004_010,34.65137,0.0,obgnme,-1,
head_01_004_011,34.6001,0.0,obgnme,-1,
head_01_004_012,34.54813,0.0,obgnme,-1,
head_01_004_013,34.494820000000004,0.0,obgnme,-1,
head_01_004_014,34.43956,0.0,obgnme,-1,
head_01_004_015,34.35231,0.0,obgnme,-1,
head_01_004_016,34.38998,0.0,obgnme,-1,
head_01_004_017,34.39651,0.0,obgnme,-1,
head_01_004_018,34.4011,0.0,obgnme,-1,
head_01_004_019,34.40354,0.0,obgnme,-1,
head_01_005_000,35.065,0.0,obgnme,-1,
head_01_005_001,35.05477,0.0,obgnme,-1,
head_01_005_002,35.034,0.0,obgnme,-1,
head_01_005_003,35.00218,0.0,obgnme,-1,
head_01_005_004,34.95953,0.0,obgnme,-1,
head_01_005_005,34.90914,0.0,obgnme,-1,
head_01_005_006,34.85324,0.0,obgnme,-1,
head_01_005_007,34.794340000000005,0.0,obgnme,-1,
head_01_005_008,34.73661,0.0,obgnme,-1,
head_01_005_009,34.6813,0.0,obgnme,-1,
head_01_005_010,34.628409999999995,0.0,obgnme,-1,
head_01_005_011,34.57674,0.0,obgnme,-1,
head_01_005_012,34.52492,0.0,obgnme,-1,
head_01_005_013,34.47211,0.0,obgnme,-1,
head_01_005_014,34.4177,0.0,obgnme,-1,
head_01_005_015,34.33255,0.0,obgnme,-1,
head_01_005_016,34.36893,0.0,obgnme,-1,
head_01_005_017,34.3757,0.0,obgnme,-1,
head_01_005_018,34.38093,0.0,obgnme,-1,
head_01_005_019,34.38384,0.0,obgnme,-1,
head_01_006_000,35.07669,0.0,obgnme,-1,
head_01_006_001,35.06668,0.0,obgnme,-1,
head_01_006_002,35.04573,0.0,obgnme,-1,
head_01_006_003,35.01171,0.0,obgnme,-1,
head_01_006_004,34.961859999999994,0.0,obgnme,-1,
head_01_006_005,34.90438,0.0,obgnme,-1,
head_01_006_006,34.84049,0.0,obgnme,-1,
head_01_006_007,34.77176,0.0,obgnme,-1,
head_01_006_008,34.70903,0.0,obgnme,-1,
head_01_006_009,34.652390000000004,0.0,obgnme,-1,
head_01_006_010,34.59956,0.0,obgnme,-1,
head_01_006_011,34.54829,0.0,obgnme,-1,
head_01_006_012,34.49701,0.0,obgnme,-1,
head_01_006_013,34.4449,0.0,obgnme,-1,
head_01_006_014,34.39143,0.0,obgnme,-1,
head_01_006_015,34.308640000000004,0.0,obgnme,-1,
head_01_006_016,34.34296,0.0,obgnme,-1,
head_01_006_017,34.35068,0.0,obgnme,-1,
head_01_006_018,34.357409999999994,0.0,obgnme,-1,
head_01_006_019,34.36128,0.0,obgnme,-1,
head_01_007_000,35.090709999999994,0.0,obgnme,-1,
head_01_007_001,35.0821,0.0,obgnme,-1,
head_01_007_002,35.06367,0.0,obgnme,-1,
head_01_007_003,35.03094,0.0,obgnme,-1,
head_01_007_004,34.96625,0.0,obgnme,-1,
head_01_007_005,34.90098,0.0,obgnme,-1,
head_01_007_006,34.82792,0.0,obgnme,-1,
head_01_007_007,34.73863,0.0,obgnme,-1,
head_01_007_008,34.6709,0.0,obgnme,-1,
head_01_007_009,34.61531,0.0,obgnme,-1,
head_01_007_010,34.56457,0.0,obgnme,-1,
head_01_007_011,34.51493,0.0,obgnme,-1,
head_01_007_012,34.46474,0.0,obgnme,-1,
head_01_007_013,34.41345,0.0,obgnme,-1,
head_01_007_014,34.36081,0.0,obgnme,-1,
head_01_007_015,34.27995,0.0,obgnme,-1,
head_01_007_016,34.31023,0.0,obgnme,-1,
head_01_007_017,34.32111,0.0,obgnme,-1,
head_01_007_018,34.33125,0.0,obgnme,-1,
head_01_007_019,34.33695,0.0,obgnme,-1,
head_01_008_000,35.10543,0.0,obgnme,-1,
head_01_008_001,35.099740000000004,0.0,obgnme,-1,
head_01_008_002,35.08909,0.0,obgnme,-1,
head_01_008_003,35.07685,0.0,obgnme,-1,
head_01_008_007,34.68027,0.0,obgnme,-1,
head_01_008_008,34.61655,0.0,obgnme,-1,
head_01_008_009,34.56916,0.0,obgnme,-1,
head_01_008_010,34.52403,0.0,obgnme,-1,
head_01_008_011,34.47748,0.0,obgnme,-1,
head_01_008_012,34.42872,0.0,obgnme,-1,
head_01_008_013,34.37822,0.0,obgnme,-1,
head_01_008_014,34.32649,0.0,obgnme,-1,
head_01_008_015,34.245909999999995,0.0,obgnme,-1,
head_01_008_016,34.26513,0.0,obgnme,-1,
head_01_008_017,34.2869,0.0,obgnme,-1,
head_01_008_018,34.3041,0.0,obgnme,-1,
head_01_008_019,34.31278,0.0,obgnme,-1,
head_01_009_000,35.11761,0.0,obgnme,-1,
head_01_009_001,35.11436,0.0,obgnme,-1,
head_01_009_002,35.10876,0.0,obgnme,-1,
head_01_009_003,35.10365,0.0,obgnme,-1,
head_01_009_008,34.54203,0.0,obgnme,-1,
head_01_009_009,34.51657,0.0,obgnme,-1,
head_01_009_010,34.48061,0.0,obgnme,-1,
head_01_009_011,34.437870000000004,0.0,obgnme,-1,
head_01_009_012,34.3899,0.0,obgnme,-1,
head_01_009_013,34.33934,0.0,obgnme,-1,
head_01_009_014,34.291090000000004,0.0,obgnme,-1,
head_01_009_015,34.20928,0.0,obgnme,-1,
head_01_009_016,34.188320000000004,0.0,obgnme,-1,
head_01_009_017,34.25198,0.0,obgnme,-1,
head_01_009_018,34.28011,0.0,obgnme,-1,
head_01_009_019,34.29175,0.0,obgnme,-1,
head_01_010_000,35.12442,0.0,obgnme,-1,
head_01_010_001,35.12273,0.0,obgnme,-1,
head_01_010_002,35.11992,0.0,obgnme,-1,
head_01_010_003,35.11748,0.0,obgnme,-1,
head_01_010_008,34.48764,0.0,obgnme,-1,
head_01_010_009,34.46997,0.0,obgnme,-1,
head_01_010_010,34.43973,0.0,obgnme,-1,
head_01_010_011,34.39929,0.0,obgnme,-1,
head_01_010_012,34.34936,0.0,obgnme,-1,
head_01_010_013,34.29336,0.0,obgnme,-1,
head_01_010_014,34.26105,0.0,obgnme,-1,
head_01_010_015,34.19849,0.0,obgnme,-1,
head_01_010_016,34.222570000000005,0.0,obgnme,-1,
head_01_010_017,34.24805,0.0,obgnme,-1,
head_01_010_018,34.26723,0.0,obgnme,-1,
head_01_010_019,34.27678,0.0,obgnme,-1,
head_01_011_000,35.124109999999995,0.0,obgnme,-1,
head_01_011_001,35.12319,0.0,obgnme,-1,
head_01_011_002,35.1217,0.0,obgnme,-1,
head_01_011_003,35.12045,0.0,obgnme,-1,
head_01_011_008,34.445570000000004,0.0,obgnme,-1,
head_01_011_009,34.43138,0.0,obgnme,-1,
head_01_011_010,34.40485,0.0,obgnme,-1,
head_01_011_011,34.36611,0.0,obgnme,-1,
head_01_011_012,34.31062,0.0,obgnme,-1,
head_01_011_013,34.2196,0.0,obgnme,-1,
head_01_011_014,34.232859999999995,0.0,obgnme,-1,
head_01_011_015,34.18883,0.0,obgnme,-1,
head_01_011_016,34.227509999999995,0.0,obgnme,-1,
head_01_011_017,34.24485,0.0,obgnme,-1,
head_01_011_018,34.25848,0.0,obgnme,-1,
head_01_011_019,34.26574,0.0,obgnme,-1,
head_01_012_000,35.11614,0.0,obgnme,-1,
head_01_012_001,35.11555,0.0,obgnme,-1,
head_01_012_002,35.11464,0.0,obgnme,-1,
head_01_012_003,35.11394,0.0,obgnme,-1,
head_01_012_008,34.41237,0.0,obgnme,-1,
head_01_012_009,34.40052,0.0,obgnme,-1,
head_01_012_010,34.37797,0.0,obgnme,-1,
head_01_012_011,34.34555,0.0,obgnme,-1,
head_01_012_012,34.3037,0.0,obgnme,-1,
head_01_012_013,34.25626,0.0,obgnme,-1,
head_01_012_014,34.23404,0.0,obgnme,-1,
head_01_012_015,34.184259999999995,0.0,obgnme,-1,
head_01_012_016,34.22509,0.0,obgnme,-1,
head_01_012_017,34.23976,0.0,obgnme,-1,
head_01_012_018,34.2506,0.0,obgnme,-1,
head_01_012_019,34.256370000000004,0.0,obgnme,-1,
head_01_013_000,35.10069,0.0,obgnme,-1,
head_01_013_001,35.10025,0.0,obgnme,-1,
head_01_013_002,35.09962,0.0,obgnme,-1,
head_01_013_003,35.09915,0.0,obgnme,-1,
head_01_013_008,34.38571,0.0,obgnme,-1,
head_01_013_009,34.37566,0.0,obgnme,-1,
head_01_013_010,34.35665,0.0,obgnme,-1,
head_01_013_011,34.32999,0.0,obgnme,-1,
head_01_013_012,34.29746,0.0,obgnme,-1,
head_01_013_013,34.26276,0.0,obgnme,-1,
head_01_013_014,34.23348,0.0,obgnme,-1,
head_01_013_015,34.17925,0.0,obgnme,-1,
head_01_013_016,34.21967,0.0,obgnme,-1,
head_01_013_017,34.23288,0.0,obgnme,-1,
head_01_013_018,34.24227,0.0,obgnme,-1,
head_01_013_019,34.2472,0.0,obgnme,-1,
head_01_014_000,35.07816,0.0,obgnme,-1,
head_01_014_001,35.07779,0.0,obgnme,-1,
head_01_014_002,35.07728,0.0,obgnme,-1,
head_01_014_003,35.0769,0.0,obgnme,-1,
head_01_014_008,34.363690000000005,0.0,obgnme,-1,
head_01_014_009,34.35497,0.0,obgnme,-1,
head_01_014_010,34.33852,0.0,obgnme,-1,
head_01_014_011,34.31578,0.0,obgnme,-1,
head_01_014_012,34.28829,0.0,obgnme,-1,
head_01_014_013,34.25822,0.0,obgnme,-1,
head_01_014_014,34.22798,0.0,obgnme,-1,
head_01_014_015,34.17179,0.0,obgnme,-1,
head_01_014_016,34.21178,0.0,obgnme,-1,
head_01_014_017,34.22421,0.0,obgnme,-1,
head_01_014_018,34.23288,0.0,obgnme,-1,
head_01_014_019,34.23738,0.0,obgnme,-1,
head_01_015_000,35.04891,0.0,obgnme,-1,
head_01_015_001,35.04855,0.0,obgnme,-1,
head_01_015_002,35.04806,0.0,obgnme,-1,
head_01_015_003,35.047709999999995,0.0,obgnme,-1,
head_01_015_008,34.34489,0.0,obgnme,-1,
head_01_015_009,34.337,0.0,obgnme,-1,
head_01_015_010,34.322140000000005,0.0,obgnme,-1,
head_01_015_011,34.30149,0.0,obgnme,-1,
head_01_015_012,34.276340000000005,0.0,obgnme,-1,
head_01_015_013,34.24819,0.0,obgnme,-1,
head_01_015_014,34.21816,0.0,obgnme,-1,
head_01_015_015,34.161559999999994,0.0,obgnme,-1,
head_01_015_016,34.20145,0.0,obgnme,-1,
head_01_015_017,34.2137,0.0,obgnme,-1,
head_01_015_018,34.22218,0.0,obgnme,-1,
head_01_015_019,34.22654,0.0,obgnme,-1,
head_01_016_000,35.01328,0.0,obgnme,-1,
head_01_016_001,35.01287,0.0,obgnme,-1,
head_01_016_002,35.01231,0.0,obgnme,-1,
head_01_016_003,35.0119,0.0,obgnme,-1,
head_01_016_008,34.32841,0.0,obgnme,-1,
head_01_016_009,34.32085,0.0,obgnme,-1,
head_01_016_010,34.30655,0.0,obgnme,-1,
head_01_016_011,34.286570000000005,0.0,obgnme,-1,
head_01_016_012,34.26208,0.0,obgnme,-1,
head_01_016_013,34.23438,0.0,obgnme,-1,
head_01_016_014,34.20455,0.0,obgnme,-1,
head_01_016_015,34.148579999999995,0.0,obgnme,-1,
head_01_016_016,34.18871,0.0,obgnme,-1,
head_01_016_017,34.20134,0.0,obgnme,-1,
head_01_016_018,34.21008,0.0,obgnme,-1,
head_01_016_019,34.21456,0.0,obgnme,-1,
head_01_017_000,34.97159,0.0,obgnme,-1,
head_01_017_001,34.97101,0.0,obgnme,-1,
head_01_017_002,34.970209999999994,0.0,obgnme,-1,
head_01_017_003,34.96962,0.0,obgnme,-1,
head_01_017_008,34.31385,0.0,obgnme,-1,
head_01_017_009,34.30613,0.0,obgnme,-1,
head_01_017_010,34.291509999999995,0.0,obgnme,-1,
head_01_017_011,34.27101,0.0,obgnme,-1,
head_01_017_012,34.24573,0.0,obgnme,-1,
head_01_017_013,34.21711,0.0,obgnme,-1,
head_01_017_014,34.18688,0.0,obgnme,-1,
head_01_017_015,34.13268,0.0,obgnme,-1,
head_01_017_016,34.17364,0.0,obgnme,-1,
head_01_017_017,34.1873,0.0,obgnme,-1,
head_01_017_018,34.19676,0.0,obgnme,-1,
head_01_017_019,34.20158,0.0,obgnme,-1,
head_01_018_000,34.92416,0.0,obgnme,-1,
head_01_018_001,34.92322,0.0,obgnme,-1,
head_01_018_002,34.92184,0.0,obgnme,-1,
head_01_018_003,34.9208,0.0,obgnme,-1,
head_01_018_008,34.301320000000004,0.0,obgnme,-1,
head_01_018_009,34.2929,0.0,obgnme,-1,
head_01_018_010,34.27713,0.0,obgnme,-1,
head_01_018_011,34.25504,0.0,obgnme,-1,
head_01_018_012,34.22753,0.0,obgnme,-1,
head_01_018_013,34.19594,0.0,obgnme,-1,
head_01_018_014,34.16343,0.0,obgnme,-1,
head_01_018_015,34.11334,0.0,obgnme,-1,
head_01_018_016,34.15644,0.0,obgnme,-1,
head_01_018_017,34.17207,0.0,obgnme,-1,
head_01_018_018,34.18265,0.0,obgnme,-1,
head_01_018_019,34.18799,0.0,obgnme,-1,
head_01_019_000,34.87149,0.0,obgnme,-1,
head_01_019_001,34.8698,0.0,obgnme,-1,
head_01_019_002,34.86717,0.0,obgnme,-1,
head_01_019_003,34.86506,0.0,obgnme,-1,
head_01_019_008,34.29157,0.0,obgnme,-1,
head_01_019_009,34.281659999999995,0.0,obgnme,-1,
head_01_019_010,34.26391,0.0,obgnme,-1,
head_01_019_011,34.23943,0.0,obgnme,-1,
head_01_019_012,34.2083,0.0,obgnme,-1,
head_01_019_013,34.17033,0.0,obgnme,-1,
head_01_019_014,34.12857,0.0,obgnme,-1,
head_01_019_015,34.08994000000001,0.0,obgnme,-1,
head_01_019_016,34.13795,0.0,obgnme,-1,
head_01_019_017,34.15653,0.0,obgnme,-1,
head_01_019_018,34.16847,0.0,obgnme,-1,
head_01_019_019,34.17435,0.0,obgnme,-1,
head_01_020_000,34.81445,0.0,obgnme,-1,
head_01_020_001,34.81133,0.0,obgnme,-1,
head_01_020_002,34.80613,0.0,obgnme,-1,
head_01_020_003,34.80137,0.0,obgnme,-1,
head_01_020_008,34.2861,0.0,obgnme,-1,
head_01_020_009,34.27298,0.0,obgnme,-1,
head_01_020_010,34.25238,0.0,obgnme,-1,
head_01_020_011,34.22547,0.0,obgnme,-1,
head_01_020_012,34.190940000000005,0.0,obgnme,-1,
head_01_020_013,34.14323,0.0,obgnme,-1,
head_01_020_014,34.06333,0.0,obgnme,-1,
head_01_020_015,34.06491,0.0,obgnme,-1,
head_01_020_016,34.1211,0.0,obgnme,-1,
head_01_020_017,34.14227,0.0,obgnme,-1,
head_01_020_018,34.15506,0.0,obgnme,-1,
head_01_020_019,34.16121,0.0,obgnme,-1,
head_01_021_000,34.754529999999995,0.0,obgnme,-1,
head_01_021_001,34.74901,0.0,obgnme,-1,
head_01_021_002,34.738820000000004,0.0,obgnme,-1,
head_01_021_003,34.727129999999995,0.0,obgnme,-1,
head_01_021_006,34.32421,0.0,obgnme,-1,
head_01_021_007,34.30982,0.0,obgnme,-1,
head_01_021_008,34.2882,0.0,obgnme,-1,
head_01_021_009,34.2666,0.0,obgnme,-1,
head_01_021_010,34.24217,0.0,obgnme,-1,
head_01_021_011,34.21425,0.0,obgnme,-1,
head_01_021_012,34.18179,0.0,obgnme,-1,
head_01_021_013,34.143640000000005,0.0,obgnme,-1,
head_01_021_014,34.10233,0.0,obgnme,-1,
head_01_021_015,34.06455,0.0,obgnme,-1,
head_01_021_016,34.11248,0.0,obgnme,-1,
head_01_021_017,34.13107,0.0,obgnme,-1,
head_01_021_018,34.14301,0.0,obgnme,-1,
head_01_021_019,34.14887,0.0,obgnme,-1,
head_01_022_000,34.69396,0.0,obgnme,-1,
head_01_022_001,34.685390000000005,0.0,obgnme,-1,
head_01_022_002,34.66718,0.0,obgnme,-1,
head_01_022_003,34.63539,0.0,obgnme,-1,
head_01_022_004,34.57522,0.0,obgnme,-1,
head_01_022_006,34.33272,0.0,obgnme,-1,
head_01_022_007,34.31162,0.0,obgnme,-1,
head_01_022_008,34.28514000000001,0.0,obgnme,-1,
head_01_022_009,34.25804,0.0,obgnme,-1,
head_01_022_010,34.23063,0.0,obgnme,-1,
head_01_022_011,34.20274000000001,0.0,obgnme,-1,
head_01_022_012,34.1733,0.0,obgnme,-1,
head_01_022_013,34.14188,0.0,obgnme,-1,
head_01_022_014,34.11058,0.0,obgnme,-1,
head_01_022_015,34.06243,0.0,obgnme,-1,
head_01_022_016,34.10546,0.0,obgnme,-1,
head_01_022_017,34.121179999999995,0.0,obgnme,-1,
head_01_022_018,34.13175,0.0,obgnme,-1,
head_01_022_019,34.13707,0.0,obgnme,-1,
head_01_023_000,34.63583,0.0,obgnme,-1,
head_01_023_001,34.62543,0.0,obgnme,-1,
head_01_023_002,34.60347,0.0,obgnme,-1,
head_01_023_003,34.56685,0.0,obgnme,-1,
head_01_023_004,34.50943,0.0,obgnme,-1,
head_01_023_005,34.42548,0.0,obgnme,-1,
head_01_023_006,34.356590000000004,0.0,obgnme,-1,
head_01_023_007,34.313559999999995,0.0,obgnme,-1,
head_01_023_008,34.27772,0.0,obgnme,-1,
head_01_023_009,34.24496,0.0,obgnme,-1,
head_01_023_010,34.21481,0.0,obgnme,-1,
head_01_023_011,34.18786,0.0,obgnme,-1,
head_01_023_012,34.16162,0.0,obgnme,-1,
head_01_023_013,34.134609999999995,0.0,obgnme,-1,
head_01_023_014,34.10698,0.0,obgnme,-1,
head_01_023_015,34.05614,0.0,obgnme,-1,
head_01_023_016,34.097159999999995,0.0,obgnme,-1,
head_01_023_017,34.11103,0.0,obgnme,-1,
head_01_023_018,34.1205,0.0,obgnme,-1,
head_01_023_019,34.12531,0.0,obgnme,-1,
head_01_024_000,34.58203,0.0,obgnme,-1,
head_01_024_001,34.571090000000005,0.0,obgnme,-1,
head_01_024_002,34.54869,0.0,obgnme,-1,
head_01_024_003,34.513690000000004,0.0,obgnme,-1,
head_01_024_004,34.46517,0.0,obgnme,-1,
head_01_024_005,34.40585,0.0,obgnme,-1,
head_01_024_006,34.349909999999994,0.0,obgnme,-1,
head_01_024_007,34.303470000000004,0.0,obgnme,-1,
head_01_024_008,34.26243,0.0,obgnme,-1,
head_01_024_009,34.22453,0.0,obgnme,-1,
head_01_024_010,34.19093,0.0,obgnme,-1,
head_01_024_011,34.16724,0.0,obgnme,-1,
head_01_024_012,34.14555,0.0,obgnme,-1,
head_01_024_013,34.12255,0.0,obgnme,-1,
head_01_024_014,34.09747,0.0,obgnme,-1,
head_01_024_015,34.04652,0.0,obgnme,-1,
head_01_024_016,34.08692,0.0,obgnme,-1,
head_01_024_017,34.09988,0.0,obgnme,-1,
head_01_024_018,34.10866,0.0,obgnme,-1,
head_01_024_019,34.11311,0.0,obgnme,-1,
head_01_025_000,34.53304,0.0,obgnme,-1,
head_01_025_001,34.52223,0.0,obgnme,-1,
head_01_025_002,34.5006,0.0,obgnme,-1,
head_01_025_003,34.468270000000004,0.0,obgnme,-1,
head_01_025_004,34.42618,0.0,obgnme,-1,
head_01_025_005,34.377559999999995,0.0,obgnme,-1,
head_01_025_006,34.32871,0.0,obgnme,-1,
head_01_025_007,34.28315,0.0,obgnme,-1,
head_01_025_008,34.23935,0.0,obgnme,-1,
head_01_025_009,34.19515,0.0,obgnme,-1,
head_01_025_010,34.15217,0.0,obgnme,-1,
head_01_025_011,34.13944,0.0,obgnme,-1,
head_01_025_012,34.12558,0.0,obgnme,-1,
head_01_025_013,34.10716,0.0,obgnme,-1,
head_01_025_014,34.08455,0.0,obgnme,-1,
head_01_025_015,34.03455,0.0,obgnme,-1,
head_01_025_016,34.074870000000004,0.0,obgnme,-1,
head_01_025_017,34.08747,0.0,obgnme,-1,
head_01_025_018,34.095890000000004,0.0,obgnme,-1,
head_01_025_019,34.100159999999995,0.0,obgnme,-1,
head_01_026_000,34.4887,0.0,obgnme,-1,
head_01_026_001,34.47809,0.0,obgnme,-1,
head_01_026_002,34.45717,0.0,obgnme,-1,
head_01_026_003,34.42661,0.0,obgnme,-1,
head_01_026_004,34.387840000000004,0.0,obgnme,-1,
head_01_026_005,34.34375,0.0,obgnme,-1,
head_01_026_006,34.29871,0.0,obgnme,-1,
head_01_026_007,34.25597,0.0,obgnme,-1,
head_01_026_008,34.21211,0.0,obgnme,-1,
head_01_026_009,34.15983,0.0,obgnme,-1,
head_01_026_010,34.07841,0.0,obgnme,-1,
head_01_026_011,34.107440000000004,0.0,obgnme,-1,
head_01_026_012,34.1049,0.0,obgnme,-1,
head_01_026_013,34.09052,0.0,obgnme,-1,
head_01_026_014,34.06985,0.0,obgnme,-1,
head_01_026_015,34.020990000000005,0.0,obgnme,-1,
head_01_026_016,34.06128,0.0,obgnme,-1,
head_01_026_017,34.07378,0.0,obgnme,-1,
head_01_026_018,34.0821,0.0,obgnme,-1,
head_01_026_019,34.086290000000005,0.0,obgnme,-1,
head_01_027_000,34.44873,0.0,obgnme,-1,
head_01_027_001,34.43809,0.0,obgnme,-1,
head_01_027_002,34.41728,0.0,obgnme,-1,
head_01_027_003,34.38709,0.0,obgnme,-1,
head_01_027_004,34.34878,0.0,obgnme,-1,
head_01_027_005,34.30486,0.0,obgnme,-1,
head_01_027_006,34.26045,0.0,obgnme,-1,
head_01_027_007,34.22431,0.0,obgnme,-1,
head_01_027_008,34.18877,0.0,obgnme,-1,
head_01_027_009,34.15035,0.0,obgnme,-1,
head_01_027_010,34.11136,0.0,obgnme,-1,
head_01_027_011,34.1019,0.0,obgnme,-1,
head_01_027_012,34.090790000000005,0.0,obgnme,-1,
head_01_027_013,34.07482,0.0,obgnme,-1,
head_01_027_014,34.05433,0.0,obgnme,-1,
head_01_027_015,34.00631,0.0,obgnme,-1,
head_01_027_016,34.0464,0.0,obgnme,-1,
head_01_027_017,34.05893,0.0,obgnme,-1,
head_01_027_018,34.06727,0.0,obgnme,-1,
head_01_027_019,34.071490000000004,0.0,obgnme,-1,
head_01_028_000,34.413129999999995,0.0,obgnme,-1,
head_01_028_001,34.40205,0.0,obgnme,-1,
head_01_028_002,34.38065,0.0,obgnme,-1,
head_01_028_003,34.34959,0.0,obgnme,-1,
head_01_028_004,34.30932,0.0,obgnme,-1,
head_01_028_005,34.26044,0.0,obgnme,-1,
head_01_028_006,34.20785,0.0,obgnme,-1,
head_01_028_007,34.18669000000001,0.0,obgnme,-1,
head_01_028_008,34.16384,0.0,obgnme,-1,
head_01_028_009,34.13711,0.0,obgnme,-1,
head_01_028_010,34.11078,0.0,obgnme,-1,
head_01_028_011,34.09281,0.0,obgnme,-1,
head_01_028_012,34.076370000000004,0.0,obgnme,-1,
head_01_028_013,34.05838,0.0,obgnme,-1,
head_01_028_014,34.03764,0.0,obgnme,-1,
head_01_028_015,33.9905,0.0,obgnme,-1,
head_01_028_016,34.0303,0.0,obgnme,-1,
head_01_028_017,34.042970000000004,0.0,obgnme,-1,
head_01_028_018,34.05148,0.0,obgnme,-1,
head_01_028_019,34.0558,0.0,obgnme,-1,
head_01_029_000,34.3823,0.0,obgnme,-1,
head_01_029_001,34.37015,0.0,obgnme,-1,
head_01_029_002,34.34758,0.0,obgnme,-1,
head_01_029_003,34.31537,0.0,obgnme,-1,
head_01_029_004,34.27265,0.0,obgnme,-1,
head_01_029_005,34.21418,0.0,obgnme,-1,
head_01_029_006,34.11959,0.0,obgnme,-1,
head_01_029_007,34.14598,0.0,obgnme,-1,
head_01_029_008,34.13788,0.0,obgnme,-1,
head_01_029_009,34.11865,0.0,obgnme,-1,
head_01_029_010,34.09693,0.0,obgnme,-1,
head_01_029_011,34.07715,0.0,obgnme,-1,
head_01_029_012,34.05847,0.0,obgnme,-1,
head_01_029_013,34.03957,0.0,obgnme,-1,
head_01_029_014,34.01909000000001,0.0,obgnme,-1,
head_01_029_015,33.97335,0.0,obgnme,-1,
head_01_029_016,34.01296,0.0,obgnme,-1,
head_01_029_017,34.02598,0.0,obgnme,-1,
head_01_029_018,34.03482,0.0,obgnme,-1,
head_01_029_019,34.03933,0.0,obgnme,-1,
head_01_030_000,34.35735,0.0,obgnme,-1,
head_01_030_001,34.34255,0.0,obgnme,-1,
head_01_030_002,34.31816,0.0,obgnme,-1,
head_01_030_003,34.28585,0.0,obgnme,-1,
head_01_030_004,34.24619000000001,0.0,obgnme,-1,
head_01_030_005,34.19971,0.0,obgnme,-1,
head_01_030_006,34.15112,0.0,obgnme,-1,
head_01_030_007,34.134879999999995,0.0,obgnme,-1,
head_01_030_008,34.11792,0.0,obgnme,-1,
head_01_030_009,34.09772,0.0,obgnme,-1,
head_01_030_010,34.07627,0.0,obgnme,-1,
head_01_030_011,34.05551,0.0,obgnme,-1,
head_01_030_012,34.03596,0.0,obgnme,-1,
head_01_030_013,34.017309999999995,0.0,obgnme,-1,
head_01_030_014,33.998059999999995,0.0,obgnme,-1,
head_01_030_015,33.95462,0.0,obgnme,-1,
head_01_030_016,33.99433,0.0,obgnme,-1,
head_01_030_017,34.00802,0.0,obgnme,-1,
head_01_030_018,34.01743,0.0,obgnme,-1,
head_01_030_019,34.022290000000005,0.0,obgnme,-1,
head_01_031_000,34.34101,0.0,obgnme,-1,
head_01_031_001,34.31847,0.0,obgnme,-1,
head_01_031_002,34.29078,0.0,obgnme,-1,
head_01_031_003,34.25798,0.0,obgnme,-1,
head_01_031_004,34.221070000000005,0.0,obgnme,-1,
head_01_031_005,34.18208,0.0,obgnme,-1,
head_01_031_006,34.14537,0.0,obgnme,-1,
head_01_031_007,34.11923,0.0,obgnme,-1,
head_01_031_008,34.09618,0.0,obgnme,-1,
head_01_031_009,34.07324000000001,0.0,obgnme,-1,
head_01_031_010,34.05023,0.0,obgnme,-1,
head_01_031_011,34.028009999999995,0.0,obgnme,-1,
head_01_031_012,34.00784,0.0,obgnme,-1,
head_01_031_013,33.99074,0.0,obgnme,-1,
head_01_031_014,33.974070000000005,0.0,obgnme,-1,
head_01_031_015,33.93413,0.0,obgnme,-1,
head_01_031_016,33.97439,0.0,obgnme,-1,
head_01_031_017,33.9892,0.0,obgnme,-1,
head_01_031_018,33.99955,0.0,obgnme,-1,
head_01_031_019,34.00502,0.0,obgnme,-1,
head_01_032_001,34.29359,0.0,obgnme,-1,
head_01_032_002,34.26272,0.0,obgnme,-1,
head_01_032_003,34.22864000000001,0.0,obgnme,-1,
head_01_032_004,34.19257,0.0,obgnme,-1,
head_01_032_005,34.15691,0.0,obgnme,-1,
head_01_032_006,34.12384,0.0,obgnme,-1,
head_01_032_007,34.095420000000004,0.0,obgnme,-1,
head_01_032_008,34.06949,0.0,obgnme,-1,
head_01_032_009,34.04423,0.0,obgnme,-1,
head_01_032_010,34.01893,0.0,obgnme,-1,
head_01_032_011,33.99403,0.0,obgnme,-1,
head_01_032_012,33.97207,0.0,obgnme,-1,
head_01_032_013,33.95884,0.0,obgnme,-1,
head_01_032_014,33.94688,0.0,obgnme,-1,
head_01_032_015,33.91192,0.0,obgnme,-1,
head_01_032_016,33.95327,0.0,obgnme,-1,
head_01_032_017,33.9697,0.0,obgnme,-1,
head_01_032_018,33.98149,0.0,obgnme,-1,
head_01_032_019,33.98813,0.0,obgnme,-1,
head_01_033_002,34.23217,0.0,obgnme,-1,
head_01_033_003,34.19579,0.0,obgnme,-1,
head_01_033_004,34.15833,0.0,obgnme,-1,
head_01_033_005,34.12392,0.0,obgnme,-1,
head_01_033_006,34.09257,0.0,obgnme,-1,
head_01_033_007,34.06415,0.0,obgnme,-1,
head_01_033_008,34.0374,0.0,obgnme,-1,
head_01_033_009,34.0108,0.0,obgnme,-1,
head_01_033_010,33.98299,0.0,obgnme,-1,
head_01_033_011,33.95296,0.0,obgnme,-1,
head_01_033_012,33.9231,0.0,obgnme,-1,
head_01_033_013,33.92078,0.0,obgnme,-1,
head_01_033_014,33.91701,0.0,obgnme,-1,
head_01_033_015,33.888459999999995,0.0,obgnme,-1,
head_01_033_016,33.931290000000004,0.0,obgnme,-1,
head_01_033_017,33.94968,0.0,obgnme,-1,
head_01_033_018,33.96354,0.0,obgnme,-1,
head_01_033_019,33.97276,0.0,obgnme,-1,
head_01_034_003,34.1586,0.0,obgnme,-1,
head_01_034_004,34.11577,0.0,obgnme,-1,
head_01_034_005,34.08271,0.0,obgnme,-1,
head_01_034_006,34.0533,0.0,obgnme,-1,
head_01_034_007,34.02629,0.0,obgnme,-1,
head_01_034_008,34.00043,0.0,obgnme,-1,
head_01_034_009,33.9742,0.0,obgnme,-1,
head_01_034_010,33.945170000000005,0.0,obgnme,-1,
head_01_034_011,33.90747,0.0,obgnme,-1,
head_01_034_012,33.84248,0.0,obgnme,-1,
head_01_034_013,33.8792,0.0,obgnme,-1,
head_01_034_014,33.8871,0.0,obgnme,-1,
head_01_034_015,33.86488,0.0,obgnme,-1,
head_01_034_016,33.90889,0.0,obgnme,-1,
head_01_034_017,33.92906,0.0,obgnme,-1,
head_01_034_018,33.94518,0.0,obgnme,-1,
head_01_034_019,33.96152,0.0,obgnme,-1,
head_01_035_004,34.05828,0.0,obgnme,-1,
head_01_035_005,34.032709999999994,0.0,obgnme,-1,
head_01_035_006,34.00658,0.0,obgnme,-1,
head_01_035_007,33.98232,0.0,obgnme,-1,
head_01_035_008,33.95915,0.0,obgnme,-1,
head_01_035_009,33.93603,0.0,obgnme,-1,
head_01_035_010,33.91178,0.0,obgnme,-1,
head_01_035_011,33.885459999999995,0.0,obgnme,-1,
head_01_035_012,33.85961,0.0,obgnme,-1,
head_01_035_013,33.86187,0.0,obgnme,-1,
head_01_035_014,33.86337,0.0,obgnme,-1,
head_01_035_015,33.84252,0.0,obgnme,-1,
head_01_035_016,33.88643,0.0,obgnme,-1,
head_01_035_017,33.90738,0.0,obgnme,-1,
head_01_035_018,33.92155,0.0,obgnme,-1,
head_01_036_004,34.020920000000004,0.0,obgnme,-1,
head_01_036_005,33.97807,0.0,obgnme,-1,
head_01_036_006,33.9529,0.0,obgnme,-1,
head_01_036_007,33.93233,0.0,obgnme,-1,
head_01_036_008,33.91314000000001,0.0,obgnme,-1,
head_01_036_009,33.8944,0.0,obgnme,-1,
head_01_036_010,33.875890000000005,0.0,obgnme,-1,
head_01_036_011,33.858259999999994,0.0,obgnme,-1,
head_01_036_012,33.84425,0.0,obgnme,-1,
head_01_036_013,33.84015,0.0,obgnme,-1,
head_01_036_014,33.83887,0.0,obgnme,-1,
head_01_036_015,33.81967,0.0,obgnme,-1,
head_01_036_016,33.86383,0.0,obgnme,-1,
head_01_036_017,33.88735,0.0,obgnme,-1,
head_01_036_018,33.90699,0.0,obgnme,-1,
head_01_037_005,33.90056,0.0,obgnme,-1,
head_01_037_006,33.88944,0.0,obgnme,-1,
head_01_037_007,33.87586,0.0,obgnme,-1,
head_01_037_008,33.86173,0.0,obgnme,-1,
head_01_037_009,33.84767,0.0,obgnme,-1,
head_01_037_010,33.834270000000004,0.0,obgnme,-1,
head_01_037_011,33.82248,0.0,obgnme,-1,
head_01_037_012,33.81394,0.0,obgnme,-1,
head_01_037_013,33.810390000000005,0.0,obgnme,-1,
head_01_037_014,33.80997,0.0,obgnme,-1,
head_01_037_015,33.79455,0.0,obgnme,-1,
head_01_037_016,33.839620000000004,0.0,obgnme,-1,
head_01_037_017,33.86607,0.0,obgnme,-1,
head_01_038_005,33.82856,0.0,obgnme,-1,
head_01_038_006,33.8229,0.0,obgnme,-1,
head_01_038_007,33.81443,0.0,obgnme,-1,
head_01_038_008,33.80485,0.0,obgnme,-1,
head_01_038_009,33.79508,0.0,obgnme,-1,
head_01_038_010,33.78597,0.0,obgnme,-1,
head_01_038_011,33.77839,0.0,obgnme,-1,
head_01_038_012,33.77347,0.0,obgnme,-1,
head_01_038_013,33.7722,0.0,obgnme,-1,
head_01_038_014,33.77473,0.0,obgnme,-1,
head_01_038_015,33.766020000000005,0.0,obgnme,-1,
head_01_038_016,33.8128,0.0,obgnme,-1,
head_01_039_005,33.73352,0.0,obgnme,-1,
head_01_039_006,33.73073,0.0,obgnme,-1,
head_01_039_007,33.72608,0.0,obgnme,-1,
head_01_039_008,33.72057,0.0,obgnme,-1,
head_01_039_009,33.71508,0.0,obgnme,-1,
head_01_039_010,33.71008,0.0,obgnme,-1,
head_01_039_011,33.70608,0.0,obgnme,-1,
head_01_039_012,33.70376,0.0,obgnme,-1,
head_01_039_013,33.70435,0.0,obgnme,-1,
head_01_039_014,33.70977,0.0,obgnme,-1,
head_02_000_000,35.03791,0.0,obgnme,-1,
head_02_000_001,35.02949,0.0,obgnme,-1,
head_02_000_002,35.01299,0.0,obgnme,-1,
head_02_000_003,34.989000000000004,0.0,obgnme,-1,
head_02_000_004,34.95833,0.0,obgnme,-1,
head_02_000_005,34.92196,0.0,obgnme,-1,
head_02_000_006,34.88098,0.0,obgnme,-1,
head_02_000_007,34.83655,0.0,obgnme,-1,
head_02_000_008,34.78972,0.0,obgnme,-1,
head_02_000_009,34.74138,0.0,obgnme,-1,
head_02_000_010,34.69204000000001,0.0,obgnme,-1,
head_02_000_011,34.64168,0.0,obgnme,-1,
head_02_000_012,34.58984,0.0,obgnme,-1,
head_02_000_013,34.53609,0.0,obgnme,-1,
head_02_000_014,34.4801,0.0,obgnme,-1,
head_02_000_015,34.422259999999994,0.0,obgnme,-1,
head_02_000_016,34.429590000000005,0.0,obgnme,-1,
head_02_000_017,34.43561,0.0,obgnme,-1,
head_02_000_018,34.43966,0.0,obgnme,-1,
head_02_000_019,34.44169,0.0,obgnme,-1,
head_02_001_000,35.03928,0.0,obgnme,-1,
head_02_001_001,35.03069,0.0,obgnme,-1,
head_02_001_002,35.01384,0.0,obgnme,-1,
head_02_001_003,34.98932,0.0,obgnme,-1,
head_02_001_004,34.95796,0.0,obgnme,-1,
head_02_001_005,34.920790000000004,0.0,obgnme,-1,
head_02_001_006,34.87897,0.0,obgnme,-1,
head_02_001_007,34.8337,0.0,obgnme,-1,
head_02_001_008,34.78614,0.0,obgnme,-1,
head_02_001_009,34.73727,0.0,obgnme,-1,
head_02_001_010,34.68771,0.0,obgnme,-1,
head_02_001_011,34.63735,0.0,obgnme,-1,
head_02_001_012,34.58556,0.0,obgnme,-1,
head_02_001_013,34.53184,0.0,obgnme,-1,
head_02_001_014,34.47585,0.0,obgnme,-1,
head_02_001_015,34.4178,0.0,obgnme,-1,
head_02_001_016,34.425329999999995,0.0,obgnme,-1,
head_02_001_017,34.43142,0.0,obgnme,-1,
head_02_001_018,34.4355,0.0,obgnme,-1,
head_02_001_019,34.43755,0.0,obgnme,-1,
head_02_002_000,35.042120000000004,0.0,obgnme,-1,
head_02_002_001,35.033190000000005,0.0,obgnme,-1,
head_02_002_002,35.01566,0.0,obgnme,-1,
head_02_002_003,34.99008,0.0,obgnme,-1,
head_02_002_004,34.95732,0.0,obgnme,-1,
head_02_002_005,34.91853,0.0,obgnme,-1,
head_02_002_006,34.87501,0.0,obgnme,-1,
head_02_002_007,34.828109999999995,0.0,obgnme,-1,
head_02_002_008,34.77911,0.0,obgnme,-1,
head_02_002_009,34.72917,1.0,obgnme,-1,trgw_2_2_9
head_02_002_010,34.6791,0.0,obgnme,-1,
head_02_002_011,34.62871,0.0,obgnme,-1,
head_02_002_012,34.57691,0.0,obgnme,-1,
head_02_002_013,34.52323,0.0,obgnme,-1,
head_02_002_014,34.46732,0.0,obgnme,-1,
head_02_002_015,34.409240000000004,1.0,obgnme,-1,trgw_2_2_15
head_02_002_016,34.41689,0.0,obgnme,-1,
head_02_002_017,34.42305,0.0,obgnme,-1,
head_02_002_018,34.42718,0.0,obgnme,-1,
head_02_002_019,34.42927,0.0,obgnme,-1,
head_02_003_000,35.04665,0.0,obgnme,-1,
head_02_003_001,35.03727,0.0,obgnme,-1,
head_02_003_002,35.01874,0.0,obgnme,-1,
head_02_003_003,34.99157,0.0,obgnme,-1,
head_02_003_004,34.95663,0.0,obgnme,-1,
head_02_003_005,34.91528,0.0,obgnme,-1,
head_02_003_006,34.86909,0.0,obgnme,-1,
head_02_003_007,34.81968,0.0,obgnme,-1,
head_02_003_008,34.7686,1.0,obgnme,-1,trgw_2_3_8
head_02_003_009,34.717040000000004,0.0,obgnme,-1,
head_02_003_010,34.66622,0.0,obgnme,-1,
head_02_003_011,34.61561,0.0,obgnme,-1,
head_02_003_012,34.56362,0.0,obgnme,-1,
head_02_003_013,34.51001,0.0,obgnme,-1,
head_02_003_014,34.454390000000004,0.0,obgnme,-1,
head_02_003_015,34.3967,0.0,obgnme,-1,
head_02_003_016,34.40424,0.0,obgnme,-1,
head_02_003_017,34.41046,0.0,obgnme,-1,
head_02_003_018,34.41473,0.0,obgnme,-1,
head_02_003_019,34.416920000000005,0.0,obgnme,-1,
head_02_004_000,35.05324,0.0,obgnme,-1,
head_02_004_001,35.04335,0.0,obgnme,-1,
head_02_004_002,35.02365,0.0,obgnme,-1,
head_02_004_003,34.99434,0.0,obgnme,-1,
head_02_004_004,34.95624,0.0,obgnme,-1,
head_02_004_005,34.91114,0.0,obgnme,-1,
head_02_004_006,34.861,0.0,obgnme,-1,
head_02_004_007,34.8079,0.0,obgnme,-1,
head_02_004_008,34.754090000000005,0.0,obgnme,-1,
head_02_004_009,34.70065,0.0,obgnme,-1,
head_02_004_010,34.64855,0.0,obgnme,-1,
head_02_004_011,34.59727,0.0,obgnme,-1,
head_02_004_012,34.5453,0.0,obgnme,-1,
head_02_004_013,34.492,0.0,obgnme,-1,
head_02_004_014,34.43697,0.0,obgnme,-1,
head_02_004_015,34.38028,0.0,obgnme,-1,
head_02_004_016,34.38741,0.0,obgnme,-1,
head_02_004_017,34.3937,0.0,obgnme,-1,
head_02_004_018,34.39828,0.0,obgnme,-1,
head_02_004_019,34.40072,0.0,obgnme,-1,
head_02_005_000,35.06227,0.0,obgnme,-1,
head_02_005_001,35.052040000000005,0.0,obgnme,-1,
head_02_005_002,35.03126,0.0,obgnme,-1,
head_02_005_003,34.99943,0.0,obgnme,-1,
head_02_005_004,34.95677,0.0,obgnme,-1,
head_02_005_005,34.90637,0.0,obgnme,-1,
head_02_005_006,34.85046,0.0,obgnme,-1,
head_02_005_007,34.79155,0.0,obgnme,-1,
head_02_005_008,34.73381,0.0,obgnme,-1,
head_02_005_009,34.678490000000004,0.0,obgnme,-1,
head_02_005_010,34.62559,0.0,obgnme,-1,
head_02_005_011,34.57392,0.0,obgnme,-1,
head_02_005_012,34.52209000000001,0.0,obgnme,-1,
head_02_005_013,34.46929,0.0,obgnme,-1,
head_02_005_014,34.4151,0.0,obgnme,-1,
head_02_005_015,34.35981,0.0,obgnme,-1,
head_02_005_016,34.36634,0.0,obgnme,-1,
head_02_005_017,34.37288,0.0,obgnme,-1,
head_02_005_018,34.37811,0.0,obgnme,-1,
head_02_005_019,34.38101,0.0,obgnme,-1,
head_02_006_000,35.07397,0.0,obgnme,-1,
head_02_006_001,35.06395,0.0,obgnme,-1,
head_02_006_002,35.04299,0.0,obgnme,-1,
head_02_006_003,35.008959999999995,0.0,obgnme,-1,
head_02_006_004,34.9591,0.0,obgnme,-1,
head_02_006_005,34.90161,0.0,obgnme,-1,
head_02_006_006,34.837709999999994,0.0,obgnme,-1,
head_02_006_007,34.76896,0.0,obgnme,-1,
head_02_006_008,34.70622,0.0,obgnme,-1,
head_02_006_009,34.64958,0.0,obgnme,-1,
head_02_006_010,34.596740000000004,0.0,obgnme,-1,
head_02_006_011,34.54547,0.0,obgnme,-1,
head_02_006_012,34.49418,0.0,obgnme,-1,
head_02_006_013,34.44207,0.0,obgnme,-1,
head_02_006_014,34.38881,0.0,obgnme,-1,
head_02_006_015,34.33486,0.0,obgnme,-1,
head_02_006_016,34.34035,0.0,obgnme,-1,
head_02_006_017,34.34786,0.0,obgnme,-1,
head_02_006_018,34.35458,0.0,obgnme,-1,
head_02_006_019,34.35845,0.0,obgnme,-1,
head_02_007_000,35.087990000000005,0.0,obgnme,-1,
head_02_007_001,35.07938,0.0,obgnme,-1,
head_02_007_002,35.06094,0.0,obgnme,-1,
head_02_007_003,35.02819,0.0,obgnme,-1,
head_02_007_004,34.96349,0.0,obgnme,-1,
head_02_007_005,34.8982,0.0,obgnme,-1,
head_02_007_006,34.82513,0.0,obgnme,-1,
head_02_007_007,34.73583,0.0,obgnme,-1,
head_02_007_008,34.66809,0.0,obgnme,-1,
head_02_007_009,34.6125,0.0,obgnme,-1,
head_02_007_010,34.56174,0.0,obgnme,-1,
head_02_007_011,34.5121,0.0,obgnme,-1,
head_02_007_012,34.4619,0.0,obgnme,-1,
head_02_007_013,34.41062,0.0,obgnme,-1,
head_02_007_014,34.35817,0.0,obgnme,-1,
head_02_007_015,34.30475,0.0,obgnme,-1,
head_02_007_016,34.30761,0.0,obgnme,-1,
head_02_007_017,34.318290000000005,0.0,obgnme,-1,
head_02_007_018,34.32842,0.0,obgnme,-1,
head_02_007_019,34.33412,0.0,obgnme,-1,
head_02_008_000,35.10272,0.0,obgnme,-1,
head_02_008_001,35.09703,0.0,obgnme,-1,
head_02_008_002,35.08637,0.0,obgnme,-1,
head_02_008_003,35.07412,0.0,obgnme,-1,
head_02_008_007,34.67748,0.0,obgnme,-1,
head_02_008_008,34.61374,0.0,obgnme,-1,
head_02_008_009,34.566340000000004,0.0,obgnme,-1,
head_02_008_010,34.5212,0.0,obgnme,-1,
head_02_008_011,34.47465,0.0,obgnme,-1,
head_02_008_012,34.42588,0.0,obgnme,-1,
head_02_008_013,34.37538,0.0,obgnme,-1,
head_02_008_014,34.32383,0.0,obgnme,-1,
head_02_008_015,34.26887,0.0,obgnme,-1,
head_02_008_016,34.26247,0.0,obgnme,-1,
head_02_008_017,34.28407,0.0,obgnme,-1,
head_02_008_018,34.30127,0.0,obgnme,-1,
head_02_008_019,34.309940000000005,0.0,obgnme,-1,
head_02_009_000,35.1149,0.0,obgnme,-1,
head_02_009_001,35.11165,1.0,obgnme,-1,trgw_2_9_1
head_02_009_002,35.10606,0.0,obgnme,-1,
head_02_009_003,35.10093,0.0,obgnme,-1,
head_02_009_008,34.53923,0.0,obgnme,-1,
head_02_009_009,34.51375,0.0,obgnme,-1,
head_02_009_010,34.47778,0.0,obgnme,-1,
head_02_009_011,34.43503,0.0,obgnme,-1,
head_02_009_012,34.38706,0.0,obgnme,-1,
head_02_009_013,34.3365,0.0,obgnme,-1,
head_02_009_014,34.2884,0.0,obgnme,-1,
head_02_009_015,34.23017,0.0,obgnme,-1,
head_02_009_016,34.18484,0.0,obgnme,-1,
head_02_009_017,34.24913,0.0,obgnme,-1,
head_02_009_018,34.27727,0.0,obgnme,-1,
head_02_009_019,34.2889,0.0,obgnme,-1,
head_02_010_000,35.12172,0.0,obgnme,-1,
head_02_010_001,35.12003,0.0,obgnme,-1,
head_02_010_002,35.11722,0.0,obgnme,-1,
head_02_010_003,35.11477,0.0,obgnme,-1,
head_02_010_008,34.484840000000005,0.0,obgnme,-1,
head_02_010_009,34.46716,0.0,obgnme,-1,
head_02_010_010,34.4369,0.0,obgnme,-1,
head_02_010_011,34.39645,0.0,obgnme,-1,
head_02_010_012,34.34652,0.0,obgnme,-1,
head_02_010_013,34.2905,0.0,obgnme,-1,
head_02_010_014,34.25836,0.0,obgnme,-1,
head_02_010_015,34.21942,0.0,obgnme,-1,
head_02_010_016,34.2199,0.0,obgnme,-1,
head_02_010_017,34.24522,0.0,obgnme,-1,
head_02_010_018,34.26439,0.0,obgnme,-1,
head_02_010_019,34.27394,0.0,obgnme,-1,
head_02_011_000,35.1214,0.0,obgnme,-1,
head_02_011_001,35.12048,0.0,obgnme,-1,
head_02_011_002,35.118990000000004,0.0,obgnme,-1,
head_02_011_003,35.11773,0.0,obgnme,-1,
head_02_011_008,34.44278,0.0,obgnme,-1,
head_02_011_009,34.42857,0.0,obgnme,-1,
head_02_011_010,34.40203,0.0,obgnme,-1,
head_02_011_011,34.36328,0.0,obgnme,-1,
head_02_011_012,34.307759999999995,0.0,obgnme,-1,
head_02_011_013,34.21595,0.0,obgnme,-1,
head_02_011_014,34.23017,0.0,obgnme,-1,
head_02_011_015,34.2099,0.0,obgnme,-1,
head_02_011_016,34.22484,0.0,obgnme,-1,
head_02_011_017,34.242020000000004,0.0,obgnme,-1,
head_02_011_018,34.25565,0.0,obgnme,-1,
head_02_011_019,34.2629,0.0,obgnme,-1,
head_02_012_000,35.11342,0.0,obgnme,-1,
head_02_012_001,35.112829999999995,0.0,obgnme,-1,
head_02_012_002,35.11192,0.0,obgnme,-1,
head_02_012_003,35.11121,0.0,obgnme,-1,
head_02_012_008,34.40958,0.0,obgnme,-1,
head_02_012_009,34.39771,0.0,obgnme,-1,
head_02_012_010,34.37515,0.0,obgnme,-1,
head_02_012_011,34.34271,0.0,obgnme,-1,
head_02_012_012,34.30086,0.0,obgnme,-1,
head_02_012_013,34.253409999999995,0.0,obgnme,-1,
head_02_012_014,34.23137,0.0,obgnme,-1,
head_02_012_015,34.205890000000004,0.0,obgnme,-1,
head_02_012_016,34.22243,0.0,obgnme,-1,
head_02_012_017,34.23692,0.0,obgnme,-1,
head_02_012_018,34.24776,0.0,obgnme,-1,
head_02_012_019,34.25354,0.0,obgnme,-1,
head_02_013_000,35.097970000000004,0.0,obgnme,-1,
head_02_013_001,35.09752,0.0,obgnme,-1,
head_02_013_002,35.09689,0.0,obgnme,-1,
head_02_013_003,35.09641,0.0,obgnme,-1,
head_02_013_008,34.3829,0.0,obgnme,-1,
head_02_013_009,34.372840000000004,0.0,obgnme,-1,
head_02_013_010,34.35382,1.0,obgnme,-1,trgw_2_13_10
head_02_013_011,34.32715,0.0,obgnme,-1,
head_02_013_012,34.29462,0.0,obgnme,-1,
head_02_013_013,34.25992,0.0,obgnme,-1,
head_02_013_014,34.23081,0.0,obgnme,-1,
head_02_013_015,34.20141,0.0,obgnme,-1,
head_02_013_016,34.217009999999995,0.0,obgnme,-1,
head_02_013_017,34.23005,0.0,obgnme,-1,
head_02_013_018,34.23944,0.0,obgnme,-1,
head_02_013_019,34.24437,0.0,obgnme,-1,
head_02_014_000,35.07542,0.0,obgnme,-1,
head_02_014_001,35.07505,0.0,obgnme,-1,
head_02_014_002,35.07453,0.0,obgnme,-1,
head_02_014_003,35.07415,0.0,obgnme,-1,
head_02_014_008,34.36088,0.0,obgnme,-1,
head_02_014_009,34.35214000000001,0.0,obgnme,-1,
head_02_014_010,34.33569,0.0,obgnme,-1,
head_02_014_011,34.31293,0.0,obgnme,-1,
head_02_014_012,34.28545,0.0,obgnme,-1,
head_02_014_013,34.25538,0.0,obgnme,-1,
head_02_014_014,34.22531,0.0,obgnme,-1,
head_02_014_015,34.19428,0.0,obgnme,-1,
head_02_014_016,34.20912,0.0,obgnme,-1,
head_02_014_017,34.22139,0.0,obgnme,-1,
head_02_014_018,34.230059999999995,0.0,obgnme,-1,
head_02_014_019,34.234559999999995,0.0,obgnme,-1,
head_02_015_000,35.04616,0.0,obgnme,-1,
head_02_015_001,35.0458,0.0,obgnme,-1,
head_02_015_002,35.04531,0.0,obgnme,-1,
head_02_015_003,35.04495,0.0,obgnme,-1,
head_02_015_008,34.34207,0.0,obgnme,-1,
head_02_015_009,34.33417,0.0,obgnme,-1,
head_02_015_010,34.31929,0.0,obgnme,-1,
head_02_015_011,34.29864,0.0,obgnme,-1,
head_02_015_012,34.27349,0.0,obgnme,-1,
head_02_015_013,34.24535,0.0,obgnme,-1,
head_02_015_014,34.21549,0.0,obgnme,-1,
head_02_015_015,34.18415,0.0,obgnme,-1,
head_02_015_016,34.19879,1.0,obgnme,-1,trgw_2_15_16
head_02_015_017,34.21088,0.0,obgnme,-1,
head_02_015_018,34.219359999999995,0.0,obgnme,-1,
head_02_015_019,34.22372,0.0,obgnme,-1,
head_02_016_000,35.01053,0.0,obgnme,-1,
head_02_016_001,35.01011,0.0,obgnme,-1,
head_02_016_002,35.00954,0.0,obgnme,-1,
head_02_016_003,35.00913,0.0,obgnme,-1,
head_02_016_008,34.32558,0.0,obgnme,-1,
head_02_016_009,34.31801,0.0,obgnme,-1,
head_02_016_010,34.3037,0.0,obgnme,-1,
head_02_016_011,34.28372,0.0,obgnme,-1,
head_02_016_012,34.25923,0.0,obgnme,-1,
head_02_016_013,34.23153,0.0,obgnme,-1,
head_02_016_014,34.20188,0.0,obgnme,-1,
head_02_016_015,34.17103,0.0,obgnme,-1,
head_02_016_016,34.18605,0.0,obgnme,-1,
head_02_016_017,34.19851,0.0,obgnme,-1,
head_02_016_018,34.20726,0.0,obgnme,-1,
head_02_016_019,34.21174,0.0,obgnme,-1,
head_02_017_000,34.96882,0.0,obgnme,-1,
head_02_017_001,34.96825,0.0,obgnme,-1,
head_02_017_002,34.96743,0.0,obgnme,-1,
head_02_017_003,34.966840000000005,0.0,obgnme,-1,
head_02_017_008,34.31101,0.0,obgnme,-1,
head_02_017_009,34.30328,0.0,obgnme,-1,
head_02_017_010,34.28865,0.0,obgnme,-1,
head_02_017_011,34.26815,0.0,obgnme,-1,
head_02_017_012,34.24288,0.0,obgnme,-1,
head_02_017_013,34.21426,0.0,obgnme,-1,
head_02_017_014,34.1842,0.0,obgnme,-1,
head_02_017_015,34.15476,0.0,obgnme,-1,
head_02_017_016,34.170970000000004,0.0,obgnme,-1,
head_02_017_017,34.184470000000005,0.0,obgnme,-1,
head_02_017_018,34.19392,0.0,obgnme,-1,
head_02_017_019,34.19875,0.0,obgnme,-1,
head_02_018_000,34.92139,0.0,obgnme,-1,
head_02_018_001,34.92045,0.0,obgnme,-1,
head_02_018_002,34.919059999999995,0.0,obgnme,-1,
head_02_018_003,34.918009999999995,0.0,obgnme,-1,
head_02_018_008,34.29848,0.0,obgnme,-1,
head_02_018_009,34.29005,0.0,obgnme,-1,
head_02_018_010,34.27427,0.0,obgnme,-1,
head_02_018_011,34.25219,0.0,obgnme,-1,
head_02_018_012,34.22468,0.0,obgnme,-1,
head_02_018_013,34.1931,0.0,obgnme,-1,
head_02_018_014,34.16075,0.0,obgnme,-1,
head_02_018_015,34.13479,0.0,obgnme,-1,
head_02_018_016,34.15377,0.0,obgnme,-1,
head_02_018_017,34.16924,0.0,obgnme,-1,
head_02_018_018,34.17982,0.0,obgnme,-1,
head_02_018_019,34.18516,0.0,obgnme,-1,
head_02_019_000,34.86872,0.0,obgnme,-1,
head_02_019_001,34.867020000000004,0.0,obgnme,-1,
head_02_019_002,34.86439,0.0,obgnme,-1,
head_02_019_003,34.86227,0.0,obgnme,-1,
head_02_019_008,34.28873,0.0,obgnme,-1,
head_02_019_009,34.27881,0.0,obgnme,-1,
head_02_019_010,34.26106,0.0,obgnme,-1,
head_02_019_011,34.23657,0.0,obgnme,-1,
head_02_019_012,34.20545,0.0,obgnme,-1,
head_02_019_013,34.16749,0.0,obgnme,-1,
head_02_019_014,34.12588,0.0,obgnme,-1,
head_02_019_015,34.11042,0.0,obgnme,-1,
head_02_019_016,34.13527,0.0,obgnme,-1,
head_02_019_017,34.153690000000005,0.0,obgnme,-1,
head_02_019_018,34.16563,0.0,obgnme,-1,
head_02_019_019,34.1715,0.0,obgnme,-1,
head_02_020_000,34.81168,0.0,obgnme,-1,
head_02_020_001,34.80855,0.0,obgnme,-1,
head_02_020_002,34.80334000000001,0.0,obgnme,-1,
head_02_020_003,34.79858,0.0,obgnme,-1,
head_02_020_008,34.28327,0.0,obgnme,-1,
head_02_020_009,34.27013,0.0,obgnme,-1,
head_02_020_010,34.24953,0.0,obgnme,-1,
head_02_020_011,34.22262,0.0,obgnme,-1,
head_02_020_012,34.18809,0.0,obgnme,-1,
head_02_020_013,34.14038,0.0,obgnme,-1,
head_02_020_014,34.05992,0.0,obgnme,-1,
head_02_020_015,34.084309999999995,0.0,obgnme,-1,
head_02_020_016,34.11841,0.0,obgnme,-1,
head_02_020_017,34.13943,0.0,obgnme,-1,
head_02_020_018,34.15222,0.0,obgnme,-1,
head_02_020_019,34.158359999999995,0.0,obgnme,-1,
head_02_021_000,34.75175,0.0,obgnme,-1,
head_02_021_001,34.74623,0.0,obgnme,-1,
head_02_021_002,34.73603,0.0,obgnme,-1,
head_02_021_003,34.724340000000005,0.0,obgnme,-1,
head_02_021_006,34.32138,0.0,obgnme,-1,
head_02_021_007,34.30698,0.0,obgnme,-1,
head_02_021_008,34.28537,0.0,obgnme,-1,
head_02_021_009,34.26375,0.0,obgnme,-1,
head_02_021_010,34.239329999999995,1.0,obgnme,-1,trgw_2_21_10
head_02_021_011,34.21141,0.0,obgnme,-1,
head_02_021_012,34.17895,0.0,obgnme,-1,
head_02_021_013,34.1408,0.0,obgnme,-1,
head_02_021_014,34.09964,0.0,obgnme,-1,
head_02_021_015,34.08488,0.0,obgnme,-1,
head_02_021_016,34.109790000000004,0.0,obgnme,-1,
head_02_021_017,34.12823,0.0,obgnme,-1,
head_02_021_018,34.140159999999995,0.0,obgnme,-1,
head_02_021_019,34.14602,0.0,obgnme,-1,
head_02_022_000,34.69119,0.0,obgnme,-1,
head_02_022_001,34.68261,0.0,obgnme,-1,
head_02_022_002,34.66441,0.0,obgnme,-1,
head_02_022_003,34.6326,0.0,obgnme,-1,
head_02_022_004,34.57243,0.0,obgnme,-1,
head_02_022_006,34.3299,0.0,obgnme,-1,
head_02_022_007,34.30879,0.0,obgnme,-1,
head_02_022_008,34.282309999999995,0.0,obgnme,-1,
head_02_022_009,34.2552,0.0,obgnme,-1,
head_02_022_010,34.22778,0.0,obgnme,-1,
head_02_022_011,34.19989,0.0,obgnme,-1,
head_02_022_012,34.17045,0.0,obgnme,-1,
head_02_022_013,34.13903,0.0,obgnme,-1,
head_02_022_014,34.10788,0.0,obgnme,-1,
head_02_022_015,34.08354,1.0,obgnme,-1,trgw_2_22_15
head_02_022_016,34.10276,0.0,obgnme,-1,
head_02_022_017,34.11833,0.0,obgnme,-1,
head_02_022_018,34.12891,0.0,obgnme,-1,
head_02_022_019,34.13423,0.0,obgnme,-1,
head_02_023_000,34.633070000000004,0.0,obgnme,-1,
head_02_023_001,34.62266,0.0,obgnme,-1,
head_02_023_002,34.6007,0.0,obgnme,-1,
head_02_023_003,34.56407,0.0,obgnme,-1,
head_02_023_004,34.50662,0.0,obgnme,-1,
head_02_023_005,34.42266,0.0,obgnme,-1,
head_02_023_006,34.35376,0.0,obgnme,-1,
head_02_023_007,34.31073,0.0,obgnme,-1,
head_02_023_008,34.27488,0.0,obgnme,-1,
head_02_023_009,34.24212,0.0,obgnme,-1,
head_02_023_010,34.21197,0.0,obgnme,-1,
head_02_023_011,34.18502,0.0,obgnme,-1,
head_02_023_012,34.158770000000004,0.0,obgnme,-1,
head_02_023_013,34.13175,0.0,obgnme,-1,
head_02_023_014,34.10428,0.0,obgnme,-1,
head_02_023_015,34.07768,0.0,obgnme,-1,
head_02_023_016,34.09445,0.0,obgnme,-1,
head_02_023_017,34.10817,0.0,obgnme,-1,
head_02_023_018,34.11765,0.0,obgnme,-1,
head_02_023_019,34.12247,0.0,obgnme,-1,
head_02_024_000,34.57927,0.0,obgnme,-1,
head_02_024_001,34.56833,0.0,obgnme,-1,
head_02_024_002,34.54591,0.0,obgnme,-1,
head_02_024_003,34.51089,0.0,obgnme,-1,
head_02_024_004,34.46236,1.0,obgnme,-1,trgw_2_24_4
head_02_024_005,34.40303,0.0,obgnme,-1,
head_02_024_006,34.34708,0.0,obgnme,-1,
head_02_024_007,34.30064,0.0,obgnme,-1,
head_02_024_008,34.2596,0.0,obgnme,-1,
head_02_024_009,34.22169,0.0,obgnme,-1,
head_02_024_010,34.18809,0.0,obgnme,-1,
head_02_024_011,34.1644,0.0,obgnme,-1,
head_02_024_012,34.1427,0.0,obgnme,-1,
head_02_024_013,34.11969000000001,0.0,obgnme,-1,
head_02_024_014,34.09476,0.0,obgnme,-1,
head_02_024_015,34.06823,0.0,obgnme,-1,
head_02_024_016,34.08421,0.0,obgnme,-1,
head_02_024_017,34.09701,0.0,obgnme,-1,
head_02_024_018,34.1058,0.0,obgnme,-1,
head_02_024_019,34.11027,0.0,obgnme,-1,
head_02_025_000,34.53027,0.0,obgnme,-1,
head_02_025_001,34.51945,0.0,obgnme,-1,
head_02_025_002,34.49781,0.0,obgnme,-1,
head_02_025_003,34.46547,0.0,obgnme,-1,
head_02_025_004,34.42338,0.0,obgnme,-1,
head_02_025_005,34.37475,0.0,obgnme,-1,
head_02_025_006,34.32589,0.0,obgnme,-1,
head_02_025_007,34.28032,0.0,obgnme,-1,
head_02_025_008,34.23651,0.0,obgnme,-1,
head_02_025_009,34.1923,0.0,obgnme,-1,
head_02_025_010,34.14932,0.0,obgnme,-1,
head_02_025_011,34.136590000000005,0.0,obgnme,-1,
head_02_025_012,34.12272,0.0,obgnme,-1,
head_02_025_013,34.10429,0.0,obgnme,-1,
head_02_025_014,34.08184,0.0,obgnme,-1,
head_02_025_015,34.05623,0.0,obgnme,-1,
head_02_025_016,34.07215,0.0,obgnme,-1,
head_02_025_017,34.0846,0.0,obgnme,-1,
head_02_025_018,34.09304,0.0,obgnme,-1,
head_02_025_019,34.09731,0.0,obgnme,-1,
head_02_026_000,34.48591,0.0,obgnme,-1,
head_02_026_001,34.4753,0.0,obgnme,-1,
head_02_026_002,34.454370000000004,0.0,obgnme,-1,
head_02_026_003,34.4238,0.0,obgnme,-1,
head_02_026_004,34.38503,0.0,obgnme,-1,
head_02_026_005,34.34094,0.0,obgnme,-1,
head_02_026_006,34.29589,1.0,obgnme,-1,trgw_2_26_6
head_02_026_007,34.25314,0.0,obgnme,-1,
head_02_026_008,34.209270000000004,0.0,obgnme,-1,
head_02_026_009,34.15697,0.0,obgnme,-1,
head_02_026_010,34.07481,0.0,obgnme,-1,
head_02_026_011,34.10458,0.0,obgnme,-1,
head_02_026_012,34.10205,0.0,obgnme,-1,
head_02_026_013,34.08766,0.0,obgnme,-1,
head_02_026_014,34.06713,0.0,obgnme,-1,
head_02_026_015,34.04252,0.0,obgnme,-1,
head_02_026_016,34.05856,0.0,obgnme,-1,
head_02_026_017,34.07092,0.0,obgnme,-1,
head_02_026_018,34.07925,0.0,obgnme,-1,
head_02_026_019,34.08345,0.0,obgnme,-1,
head_02_027_000,34.44592,0.0,obgnme,-1,
head_02_027_001,34.43528,0.0,obgnme,-1,
head_02_027_002,34.41447,0.0,obgnme,-1,
head_02_027_003,34.38427,0.0,obgnme,-1,
head_02_027_004,34.34597,0.0,obgnme,-1,
head_02_027_005,34.302040000000005,0.0,obgnme,-1,
head_02_027_006,34.25763,0.0,obgnme,-1,
head_02_027_007,34.22149,0.0,obgnme,-1,
head_02_027_008,34.18594,0.0,obgnme,-1,
head_02_027_009,34.14752,0.0,obgnme,-1,
head_02_027_010,34.10852,0.0,obgnme,-1,
head_02_027_011,34.099059999999994,0.0,obgnme,-1,
head_02_027_012,34.08794,0.0,obgnme,-1,
head_02_027_013,34.07196,0.0,obgnme,-1,
head_02_027_014,34.05161,0.0,obgnme,-1,
head_02_027_015,34.0276,0.0,obgnme,-1,
head_02_027_016,34.04368,0.0,obgnme,-1,
head_02_027_017,34.05607,0.0,obgnme,-1,
head_02_027_018,34.06442,0.0,obgnme,-1,
head_02_027_019,34.06865,0.0,obgnme,-1,
head_02_028_000,34.41031,0.0,obgnme,-1,
head_02_028_001,34.39924,0.0,obgnme,-1,
head_02_028_002,34.37783,0.0,obgnme,-1,
head_02_028_003,34.34677,0.0,obgnme,-1,
head_02_028_004,34.3065,0.0,obgnme,-1,
head_02_028_005,34.25761,0.0,obgnme,-1,
head_02_028_006,34.205009999999994,0.0,obgnme,-1,
head_02_028_007,34.18387,0.0,obgnme,-1,
head_02_028_008,34.16101,0.0,obgnme,-1,
head_02_028_009,34.13427,0.0,obgnme,-1,
head_02_028_010,34.10794,0.0,obgnme,-1,
head_02_028_011,34.08996,0.0,obgnme,-1,
head_02_028_012,34.07352,0.0,obgnme,-1,
head_02_028_013,34.05553,0.0,obgnme,-1,
head_02_028_014,34.03493,0.0,obgnme,-1,
head_02_028_015,34.01147,0.0,obgnme,-1,
head_02_028_016,34.027590000000004,0.0,obgnme,-1,
head_02_028_017,34.04012,0.0,obgnme,-1,
head_02_028_018,34.04863,0.0,obgnme,-1,
head_02_028_019,34.05295,0.0,obgnme,-1,
head_02_029_000,34.37948,0.0,obgnme,-1,
head_02_029_001,34.36734000000001,0.0,obgnme,-1,
head_02_029_002,34.34476,0.0,obgnme,-1,
head_02_029_003,34.31255,0.0,obgnme,-1,
head_02_029_004,34.26983,0.0,obgnme,-1,
head_02_029_005,34.21134,0.0,obgnme,-1,
head_02_029_006,34.11593,0.0,obgnme,-1,
head_02_029_007,34.14315,0.0,obgnme,-1,
head_02_029_008,34.13505,0.0,obgnme,-1,
head_02_029_009,34.1158,0.0,obgnme,-1,
head_02_029_010,34.09408,0.0,obgnme,-1,
head_02_029_011,34.0743,0.0,obgnme,-1,
head_02_029_012,34.05563,0.0,obgnme,-1,
head_02_029_013,34.03671,0.0,obgnme,-1,
head_02_029_014,34.01638,0.0,obgnme,-1,
head_02_029_015,33.99388,1.0,obgnme,-1,trgw_2_29_15
head_02_029_016,34.01025,0.0,obgnme,-1,
head_02_029_017,34.02313,0.0,obgnme,-1,
head_02_029_018,34.03197,0.0,obgnme,-1,
head_02_029_019,34.03648,0.0,obgnme,-1,
head_02_030_000,34.35455,0.0,obgnme,-1,
head_02_030_001,34.33973,0.0,obgnme,-1,
head_02_030_002,34.31535,0.0,obgnme,-1,
head_02_030_003,34.28304,0.0,obgnme,-1,
head_02_030_004,34.24338,0.0,obgnme,-1,
head_02_030_005,34.1969,0.0,obgnme,-1,
head_02_030_006,34.1483,0.0,obgnme,-1,
head_02_030_007,34.13207,0.0,obgnme,-1,
head_02_030_008,34.11509,0.0,obgnme,-1,
head_02_030_009,34.09488,0.0,obgnme,-1,
head_02_030_010,34.07342,0.0,obgnme,-1,
head_02_030_011,34.05266,0.0,obgnme,-1,
head_02_030_012,34.03311,0.0,obgnme,-1,
head_02_030_013,34.01446,0.0,obgnme,-1,
head_02_030_014,33.99535,0.0,obgnme,-1,
head_02_030_015,33.97459,0.0,obgnme,-1,
head_02_030_016,33.991609999999994,0.0,obgnme,-1,
head_02_030_017,34.00516,0.0,obgnme,-1,
head_02_030_018,34.01458,0.0,obgnme,-1,
head_02_030_019,34.01944,0.0,obgnme,-1,
head_02_031_000,34.33821,0.0,obgnme,-1,
head_02_031_001,34.31566,0.0,obgnme,-1,
head_02_031_002,34.28796,0.0,obgnme,-1,
head_02_031_003,34.25517,0.0,obgnme,-1,
head_02_031_004,34.21825,0.0,obgnme,-1,
head_02_031_005,34.17927,0.0,obgnme,-1,
head_02_031_006,34.14255,0.0,obgnme,-1,
head_02_031_007,34.1164,0.0,obgnme,-1,
head_02_031_008,34.093340000000005,0.0,obgnme,-1,
head_02_031_009,34.0704,0.0,obgnme,-1,
head_02_031_010,34.04738,0.0,obgnme,-1,
head_02_031_011,34.02516,0.0,obgnme,-1,
head_02_031_012,34.00498,0.0,obgnme,-1,
head_02_031_013,33.98788,0.0,obgnme,-1,
head_02_031_014,33.97135,0.0,obgnme,-1,
head_02_031_015,33.95338,0.0,obgnme,-1,
head_02_031_016,33.97167,0.0,obgnme,-1,
head_02_031_017,33.98634000000001,0.0,obgnme,-1,
head_02_031_018,33.99669,0.0,obgnme,-1,
head_02_031_019,34.00217,0.0,obgnme,-1,
head_02_032_001,34.29079,0.0,obgnme,-1,
head_02_032_002,34.2599,0.0,obgnme,-1,
head_02_032_003,34.22583,0.0,obgnme,-1,
head_02_032_004,34.18976,0.0,obgnme,-1,
head_02_032_005,34.154090000000004,0.0,obgnme,-1,
head_02_032_006,34.12102,0.0,obgnme,-1,
head_02_032_007,34.09258,0.0,obgnme,-1,
head_02_032_008,34.06665,0.0,obgnme,-1,
head_02_032_009,34.04138,0.0,obgnme,-1,
head_02_032_010,34.01608,0.0,obgnme,-1,
head_02_032_011,33.99118,0.0,obgnme,-1,
head_02_032_012,33.96921,0.0,obgnme,-1,
head_02_032_013,33.95598,0.0,obgnme,-1,
head_02_032_014,33.94415,0.0,obgnme,-1,
head_02_032_015,33.93031,0.0,obgnme,-1,
head_02_032_016,33.950540000000004,0.0,obgnme,-1,
head_02_032_017,33.966840000000005,0.0,obgnme,-1,
head_02_032_018,33.978629999999995,0.0,obgnme,-1,
head_02_032_019,33.98527,0.0,obgnme,-1,
head_02_033_002,34.22936,0.0,obgnme,-1,
head_02_033_003,34.19298,0.0,obgnme,-1,
head_02_033_004,34.15551,0.0,obgnme,-1,
head_02_033_005,34.12109,0.0,obgnme,-1,
head_02_033_006,34.08974,0.0,obgnme,-1,
head_02_033_007,34.06132,1.0,obgnme,-1,trgw_2_33_7
head_02_033_008,34.03456,0.0,obgnme,-1,
head_02_033_009,34.00795,0.0,obgnme,-1,
head_02_033_010,33.98014000000001,0.0,obgnme,-1,
head_02_033_011,33.9501,0.0,obgnme,-1,
head_02_033_012,33.92022,0.0,obgnme,-1,
head_02_033_013,33.91791,0.0,obgnme,-1,
head_02_033_014,33.91426,0.0,obgnme,-1,
head_02_033_015,33.9059,0.0,obgnme,-1,
head_02_033_016,33.928540000000005,0.0,obgnme,-1,
head_02_033_017,33.94682,0.0,obgnme,-1,
head_02_033_018,33.96068,0.0,obgnme,-1,
head_02_033_019,33.96991,0.0,obgnme,-1,
head_02_034_003,34.15578,0.0,obgnme,-1,
head_02_034_004,34.11295,0.0,obgnme,-1,
head_02_034_005,34.07988,0.0,obgnme,-1,
head_02_034_006,34.050470000000004,0.0,obgnme,-1,
head_02_034_007,34.02345,0.0,obgnme,-1,
head_02_034_008,33.99759,0.0,obgnme,-1,
head_02_034_009,33.97135,0.0,obgnme,-1,
head_02_034_010,33.94231,1.0,obgnme,-1,trgw_2_34_10
head_02_034_011,33.9046,0.0,obgnme,-1,
head_02_034_012,33.839009999999995,0.0,obgnme,-1,
head_02_034_013,33.87633,0.0,obgnme,-1,
head_02_034_014,33.88434,0.0,obgnme,-1,
head_02_034_015,33.88135,0.0,obgnme,-1,
head_02_034_016,33.90614,0.0,obgnme,-1,
head_02_034_017,33.9262,0.0,obgnme,-1,
head_02_034_018,33.94232,0.0,obgnme,-1,
head_02_034_019,33.958659999999995,0.0,obgnme,-1,
head_02_035_004,34.05547,0.0,obgnme,-1,
head_02_035_005,34.02988,0.0,obgnme,-1,
head_02_035_006,34.00375,0.0,obgnme,-1,
head_02_035_007,33.97949000000001,0.0,obgnme,-1,
head_02_035_008,33.956309999999995,0.0,obgnme,-1,
head_02_035_009,33.93319,0.0,obgnme,-1,
head_02_035_010,33.90893,0.0,obgnme,-1,
head_02_035_011,33.8826,0.0,obgnme,-1,
head_02_035_012,33.85674,0.0,obgnme,-1,
head_02_035_013,33.85901,0.0,obgnme,-1,
head_02_035_014,33.86061,0.0,obgnme,-1,
head_02_035_015,33.85812,0.0,obgnme,-1,
head_02_035_016,33.88367,0.0,obgnme,-1,
head_02_035_017,33.904509999999995,0.0,obgnme,-1,
head_02_035_018,33.918690000000005,0.0,obgnme,-1,
head_02_036_004,34.0181,0.0,obgnme,-1,
head_02_036_005,33.97523,0.0,obgnme,-1,
head_02_036_006,33.950070000000004,0.0,obgnme,-1,
head_02_036_007,33.92949,0.0,obgnme,-1,
head_02_036_008,33.9103,0.0,obgnme,-1,
head_02_036_009,33.89155,0.0,obgnme,-1,
head_02_036_010,33.87304,0.0,obgnme,-1,
head_02_036_011,33.8554,0.0,obgnme,-1,
head_02_036_012,33.841390000000004,0.0,obgnme,-1,
head_02_036_013,33.83728,0.0,obgnme,-1,
head_02_036_014,33.8361,0.0,obgnme,-1,
head_02_036_015,33.83437,0.0,obgnme,-1,
head_02_036_016,33.861059999999995,0.0,obgnme,-1,
head_02_036_017,33.88449,0.0,obgnme,-1,
head_02_036_018,33.90413,0.0,obgnme,-1,
head_02_037_005,33.89772,0.0,obgnme,-1,
head_02_037_006,33.8866,0.0,obgnme,-1,
head_02_037_007,33.87301,0.0,obgnme,-1,
head_02_037_008,33.85888,0.0,obgnme,-1,
head_02_037_009,33.84482,0.0,obgnme,-1,
head_02_037_010,33.83141,0.0,obgnme,-1,
head_02_037_011,33.81962,0.0,obgnme,-1,
head_02_037_012,33.81107,0.0,obgnme,-1,
head_02_037_013,33.80753,0.0,obgnme,-1,
head_02_037_014,33.8072,0.0,obgnme,-1,
head_02_037_015,33.80815,0.0,obgnme,-1,
head_02_037_016,33.83684,0.0,obgnme,-1,
head_02_037_017,33.863209999999995,0.0,obgnme,-1,
head_02_038_005,33.825790000000005,0.0,obgnme,-1,
head_02_038_006,33.82013,0.0,obgnme,-1,
head_02_038_007,33.81166,0.0,obgnme,-1,
head_02_038_008,33.80208,0.0,obgnme,-1,
head_02_038_009,33.7923,0.0,obgnme,-1,
head_02_038_010,33.783190000000005,0.0,obgnme,-1,
head_02_038_011,33.77559,0.0,obgnme,-1,
head_02_038_012,33.77067,0.0,obgnme,-1,
head_02_038_013,33.7694,0.0,obgnme,-1,
head_02_038_014,33.772,0.0,obgnme,-1,
head_02_038_015,33.778220000000005,0.0,obgnme,-1,
head_02_038_016,33.81002,0.0,obgnme,-1,
head_02_039_005,33.75406,0.0,obgnme,-1,
head_02_039_006,33.75101,0.0,obgnme,-1,
head_02_039_007,33.74592,0.0,obgnme,-1,
head_02_039_008,33.7399,0.0,obgnme,-1,
head_02_039_009,33.73392,0.0,obgnme,-1,
head_02_039_010,33.72848,0.0,obgnme,-1,
head_02_039_011,33.72413,0.0,obgnme,-1,
head_02_039_012,33.72158,0.0,obgnme,-1,
head_02_039_013,33.72224,0.0,obgnme,-1,
head_02_039_014,33.72818,0.0,obgnme,-1,
headwater,-2137.0,0.0,obgnme,-1,
tailwater,-1486.9,0.0,obgnme,-1,
gage_1,3681.6,1.0,obgnme,-1,
in_ss_flx,0.0,0.0,obgnme,-1,
in_sy_flx,0.0,0.0,obgnme,-1,
in_wel_flx,478.1317,0.0,obgnme,-1,
in_ghb_flx,0.0,0.0,obgnme,-1,
in_rch_flx,4210.8977,0.0,obgnme,-1,
in_sfr_flx,0.0,0.0,obgnme,-1,
out_ss_flx,0.0,0.0,obgnme,-1,
out_sy_flx,0.0,0.0,obgnme,-1,
out_wel_flx,0.0,0.0,obgnme,-1,
out_ghb_flx,1048.1298,0.0,obgnme,-1,
out_rch_flx,0.0,0.0,obgnme,-1,
out_sfr_flx,3625.7331,0.0,obgnme,-1,
